id,images
3_4_Sit-Up,"3_4_Sit-Up/0.jpg, 3_4_Sit-Up/1.jpg"
90_90_Hamstring,"90_90_Hamstring/0.jpg, 90_90_Hamstring/1.jpg"
Ab_Crunch_Machine,"Ab_Crunch_Machine/0.jpg, Ab_Crunch_Machine/1.jpg"
Ab_Roller,"Ab_Roller/0.jpg, Ab_Roller/1.jpg"
Adductor,"Adductor/0.jpg, Adductor/1.jpg"
Adductor_Groin,"Adductor_Groin/0.jpg, Adductor_Groin/1.jpg"
Advanced_Kettlebell_Windmill,"Advanced_Kettlebell_Windmill/0.jpg, Advanced_Kettlebell_Windmill/1.jpg"
Air_Bike,"Air_Bike/0.jpg, Air_Bike/1.jpg"
All_Fours_Quad_Stretch,"All_Fours_Quad_Stretch/0.jpg, All_Fours_Quad_Stretch/1.jpg"
Alternate_Hammer_Curl,"Alternate_Hammer_Curl/0.jpg, Alternate_Hammer_Curl/1.jpg"
Alternate_Heel_Touchers,"Alternate_Heel_Touchers/0.jpg, Alternate_Heel_Touchers/1.jpg"
Alternate_Incline_Dumbbell_Curl,"Alternate_Incline_Dumbbell_Curl/0.jpg, Alternate_Incline_Dumbbell_Curl/1.jpg"
Alternate_Leg_Diagonal_Bound,"Alternate_Leg_Diagonal_Bound/0.jpg, Alternate_Leg_Diagonal_Bound/1.jpg"
Alternating_Cable_Shoulder_Press,"Alternating_Cable_Shoulder_Press/0.jpg, Alternating_Cable_Shoulder_Press/1.jpg"
Alternating_Deltoid_Raise,"Alternating_Deltoid_Raise/0.jpg, Alternating_Deltoid_Raise/1.jpg"
Alternating_Floor_Press,"Alternating_Floor_Press/0.jpg, Alternating_Floor_Press/1.jpg"
Alternating_Hang_Clean,"Alternating_Hang_Clean/0.jpg, Alternating_Hang_Clean/1.jpg"
Alternating_Kettlebell_Press,"Alternating_Kettlebell_Press/0.jpg, Alternating_Kettlebell_Press/1.jpg"
Alternating_Kettlebell_Row,"Alternating_Kettlebell_Row/0.jpg, Alternating_Kettlebell_Row/1.jpg"
Alternating_Renegade_Row,"Alternating_Renegade_Row/0.jpg, Alternating_Renegade_Row/1.jpg"
Ankle_Circles,"Ankle_Circles/0.jpg, Ankle_Circles/1.jpg"
Ankle_On_The_Knee,"Ankle_On_The_Knee/0.jpg, Ankle_On_The_Knee/1.jpg"
Anterior_Tibialis-SMR,"Anterior_Tibialis-SMR/0.jpg, Anterior_Tibialis-SMR/1.jpg"
Anti-Gravity_Press,"Anti-Gravity_Press/0.jpg, Anti-Gravity_Press/1.jpg"
Arm_Circles,"Arm_Circles/0.jpg, Arm_Circles/1.jpg"
Arnold_Dumbbell_Press,"Arnold_Dumbbell_Press/0.jpg, Arnold_Dumbbell_Press/1.jpg"
Around_The_Worlds,"Around_The_Worlds/0.jpg, Around_The_Worlds/1.jpg"
Atlas_Stones,"Atlas_Stones/0.jpg, Atlas_Stones/1.jpg"
Atlas_Stone_Trainer,"Atlas_Stone_Trainer/0.jpg, Atlas_Stone_Trainer/1.jpg"
Axle_Deadlift,"Axle_Deadlift/0.jpg, Axle_Deadlift/1.jpg"
Backward_Drag,"Backward_Drag/0.jpg, Backward_Drag/1.jpg"
Backward_Medicine_Ball_Throw,"Backward_Medicine_Ball_Throw/0.jpg, Backward_Medicine_Ball_Throw/1.jpg"
Back_Flyes_-_With_Bands,"Back_Flyes_-_With_Bands/0.jpg, Back_Flyes_-_With_Bands/1.jpg"
Balance_Board,"Balance_Board/0.jpg, Balance_Board/1.jpg"
Ball_Leg_Curl,"Ball_Leg_Curl/0.jpg, Ball_Leg_Curl/1.jpg"
Band_Assisted_Pull-Up,"Band_Assisted_Pull-Up/0.jpg, Band_Assisted_Pull-Up/1.jpg"
Band_Good_Morning,"Band_Good_Morning/0.jpg, Band_Good_Morning/1.jpg"
Band_Good_Morning_Pull_Through,"Band_Good_Morning_Pull_Through/0.jpg, Band_Good_Morning_Pull_Through/1.jpg"
Band_Hip_Adductions,"Band_Hip_Adductions/0.jpg, Band_Hip_Adductions/1.jpg"
Band_Pull_Apart,"Band_Pull_Apart/0.jpg, Band_Pull_Apart/1.jpg"
Band_Skull_Crusher,"Band_Skull_Crusher/0.jpg, Band_Skull_Crusher/1.jpg"
Barbell_Ab_Rollout,"Barbell_Ab_Rollout/0.jpg, Barbell_Ab_Rollout/1.jpg"
Barbell_Ab_Rollout_-_On_Knees,"Barbell_Ab_Rollout_-_On_Knees/0.jpg, Barbell_Ab_Rollout_-_On_Knees/1.jpg"
Barbell_Bench_Press_-_Medium_Grip,"Barbell_Bench_Press_-_Medium_Grip/0.jpg, Barbell_Bench_Press_-_Medium_Grip/1.jpg"
Barbell_Curl,"Barbell_Curl/0.jpg, Barbell_Curl/1.jpg"
Barbell_Curls_Lying_Against_An_Incline,"Barbell_Curls_Lying_Against_An_Incline/0.jpg, Barbell_Curls_Lying_Against_An_Incline/1.jpg"
Barbell_Deadlift,"Barbell_Deadlift/0.jpg, Barbell_Deadlift/1.jpg"
Barbell_Full_Squat,"Barbell_Full_Squat/0.jpg, Barbell_Full_Squat/1.jpg"
Barbell_Glute_Bridge,"Barbell_Glute_Bridge/0.jpg, Barbell_Glute_Bridge/1.jpg"
Barbell_Guillotine_Bench_Press,"Barbell_Guillotine_Bench_Press/0.jpg, Barbell_Guillotine_Bench_Press/1.jpg"
Barbell_Hack_Squat,"Barbell_Hack_Squat/0.jpg, Barbell_Hack_Squat/1.jpg"
Barbell_Hip_Thrust,"Barbell_Hip_Thrust/0.jpg, Barbell_Hip_Thrust/1.jpg"
Barbell_Incline_Bench_Press_-_Medium_Grip,"Barbell_Incline_Bench_Press_-_Medium_Grip/0.jpg, Barbell_Incline_Bench_Press_-_Medium_Grip/1.jpg"
Barbell_Incline_Shoulder_Raise,"Barbell_Incline_Shoulder_Raise/0.jpg, Barbell_Incline_Shoulder_Raise/1.jpg"
Barbell_Lunge,"Barbell_Lunge/0.jpg, Barbell_Lunge/1.jpg"
Barbell_Rear_Delt_Row,"Barbell_Rear_Delt_Row/0.jpg, Barbell_Rear_Delt_Row/1.jpg"
Barbell_Rollout_from_Bench,"Barbell_Rollout_from_Bench/0.jpg, Barbell_Rollout_from_Bench/1.jpg"
Barbell_Seated_Calf_Raise,"Barbell_Seated_Calf_Raise/0.jpg, Barbell_Seated_Calf_Raise/1.jpg"
Barbell_Shoulder_Press,"Barbell_Shoulder_Press/0.jpg, Barbell_Shoulder_Press/1.jpg"
Barbell_Shrug,"Barbell_Shrug/0.jpg, Barbell_Shrug/1.jpg"
Barbell_Shrug_Behind_The_Back,"Barbell_Shrug_Behind_The_Back/0.jpg, Barbell_Shrug_Behind_The_Back/1.jpg"
Barbell_Side_Bend,"Barbell_Side_Bend/0.jpg, Barbell_Side_Bend/1.jpg"
Barbell_Side_Split_Squat,"Barbell_Side_Split_Squat/0.jpg, Barbell_Side_Split_Squat/1.jpg"
Barbell_Squat,"Barbell_Squat/0.jpg, Barbell_Squat/1.jpg"
Barbell_Squat_To_A_Bench,"Barbell_Squat_To_A_Bench/0.jpg, Barbell_Squat_To_A_Bench/1.jpg"
Barbell_Step_Ups,"Barbell_Step_Ups/0.jpg, Barbell_Step_Ups/1.jpg"
Barbell_Walking_Lunge,"Barbell_Walking_Lunge/0.jpg, Barbell_Walking_Lunge/1.jpg"
Battling_Ropes,"Battling_Ropes/0.jpg, Battling_Ropes/1.jpg"
Bear_Crawl_Sled_Drags,"Bear_Crawl_Sled_Drags/0.jpg, Bear_Crawl_Sled_Drags/1.jpg"
Behind_Head_Chest_Stretch,"Behind_Head_Chest_Stretch/0.jpg, Behind_Head_Chest_Stretch/1.jpg"
Bench_Dips,"Bench_Dips/0.jpg, Bench_Dips/1.jpg"
Bench_Jump,"Bench_Jump/0.jpg, Bench_Jump/1.jpg"
Bench_Press_-_Powerlifting,"Bench_Press_-_Powerlifting/0.jpg, Bench_Press_-_Powerlifting/1.jpg"
Bench_Press_-_With_Bands,"Bench_Press_-_With_Bands/0.jpg, Bench_Press_-_With_Bands/1.jpg"
Bench_Press_with_Chains,"Bench_Press_with_Chains/0.jpg, Bench_Press_with_Chains/1.jpg"
Bench_Sprint,"Bench_Sprint/0.jpg, Bench_Sprint/1.jpg"
Bent-Arm_Barbell_Pullover,"Bent-Arm_Barbell_Pullover/0.jpg, Bent-Arm_Barbell_Pullover/1.jpg"
Bent-Arm_Dumbbell_Pullover,"Bent-Arm_Dumbbell_Pullover/0.jpg, Bent-Arm_Dumbbell_Pullover/1.jpg"
Bent-Knee_Hip_Raise,"Bent-Knee_Hip_Raise/0.jpg, Bent-Knee_Hip_Raise/1.jpg"
Bent_Over_Barbell_Row,"Bent_Over_Barbell_Row/0.jpg, Bent_Over_Barbell_Row/1.jpg"
Bent_Over_Dumbbell_Rear_Delt_Raise_With_Head_On_Bench,"Bent_Over_Dumbbell_Rear_Delt_Raise_With_Head_On_Bench/0.jpg, Bent_Over_Dumbbell_Rear_Delt_Raise_With_Head_On_Bench/1.jpg"
Bent_Over_Low-Pulley_Side_Lateral,"Bent_Over_Low-Pulley_Side_Lateral/0.jpg, Bent_Over_Low-Pulley_Side_Lateral/1.jpg"
Bent_Over_One-Arm_Long_Bar_Row,"Bent_Over_One-Arm_Long_Bar_Row/0.jpg, Bent_Over_One-Arm_Long_Bar_Row/1.jpg"
Bent_Over_Two-Arm_Long_Bar_Row,"Bent_Over_Two-Arm_Long_Bar_Row/0.jpg, Bent_Over_Two-Arm_Long_Bar_Row/1.jpg"
Bent_Over_Two-Dumbbell_Row,"Bent_Over_Two-Dumbbell_Row/0.jpg, Bent_Over_Two-Dumbbell_Row/1.jpg"
Bent_Over_Two-Dumbbell_Row_With_Palms_In,"Bent_Over_Two-Dumbbell_Row_With_Palms_In/0.jpg, Bent_Over_Two-Dumbbell_Row_With_Palms_In/1.jpg"
Bent_Press,"Bent_Press/0.jpg, Bent_Press/1.jpg"
Bicycling,"Bicycling/0.jpg, Bicycling/1.jpg"
Bicycling_Stationary,"Bicycling_Stationary/0.jpg, Bicycling_Stationary/1.jpg"
Board_Press,"Board_Press/0.jpg, Board_Press/1.jpg"
Body-Up,"Body-Up/0.jpg, Body-Up/1.jpg"
Bodyweight_Flyes,"Bodyweight_Flyes/0.jpg, Bodyweight_Flyes/1.jpg"
Bodyweight_Mid_Row,"Bodyweight_Mid_Row/0.jpg, Bodyweight_Mid_Row/1.jpg"
Bodyweight_Squat,"Bodyweight_Squat/0.jpg, Bodyweight_Squat/1.jpg"
Bodyweight_Walking_Lunge,"Bodyweight_Walking_Lunge/0.jpg, Bodyweight_Walking_Lunge/1.jpg"
Body_Tricep_Press,"Body_Tricep_Press/0.jpg, Body_Tricep_Press/1.jpg"
Bosu_Ball_Cable_Crunch_With_Side_Bends,"Bosu_Ball_Cable_Crunch_With_Side_Bends/0.jpg, Bosu_Ball_Cable_Crunch_With_Side_Bends/1.jpg"
Bottoms-Up_Clean_From_The_Hang_Position,"Bottoms-Up_Clean_From_The_Hang_Position/0.jpg, Bottoms-Up_Clean_From_The_Hang_Position/1.jpg"
Bottoms_Up,"Bottoms_Up/0.jpg, Bottoms_Up/1.jpg"
Box_Jump_Multiple_Response,"Box_Jump_Multiple_Response/0.jpg, Box_Jump_Multiple_Response/1.jpg"
Box_Skip,"Box_Skip/0.jpg, Box_Skip/1.jpg"
Box_Squat,"Box_Squat/0.jpg, Box_Squat/1.jpg"
Box_Squat_with_Bands,"Box_Squat_with_Bands/0.jpg, Box_Squat_with_Bands/1.jpg"
Box_Squat_with_Chains,"Box_Squat_with_Chains/0.jpg, Box_Squat_with_Chains/1.jpg"
Brachialis-SMR,"Brachialis-SMR/0.jpg, Brachialis-SMR/1.jpg"
Bradford_Rocky_Presses,"Bradford_Rocky_Presses/0.jpg, Bradford_Rocky_Presses/1.jpg"
Butt-Ups,"Butt-Ups/0.jpg, Butt-Ups/1.jpg"
Butterfly,"Butterfly/0.jpg, Butterfly/1.jpg"
Butt_Lift_Bridge,"Butt_Lift_Bridge/0.jpg, Butt_Lift_Bridge/1.jpg"
Cable_Chest_Press,"Cable_Chest_Press/0.jpg, Cable_Chest_Press/1.jpg"
Cable_Crossover,"Cable_Crossover/0.jpg, Cable_Crossover/1.jpg"
Cable_Crunch,"Cable_Crunch/0.jpg, Cable_Crunch/1.jpg"
Cable_Deadlifts,"Cable_Deadlifts/0.jpg, Cable_Deadlifts/1.jpg"
Cable_Hammer_Curls_-_Rope_Attachment,"Cable_Hammer_Curls_-_Rope_Attachment/0.jpg, Cable_Hammer_Curls_-_Rope_Attachment/1.jpg"
Cable_Hip_Adduction,"Cable_Hip_Adduction/0.jpg, Cable_Hip_Adduction/1.jpg"
Cable_Incline_Pushdown,"Cable_Incline_Pushdown/0.jpg, Cable_Incline_Pushdown/1.jpg"
Cable_Incline_Triceps_Extension,"Cable_Incline_Triceps_Extension/0.jpg, Cable_Incline_Triceps_Extension/1.jpg"
Cable_Internal_Rotation,"Cable_Internal_Rotation/0.jpg, Cable_Internal_Rotation/1.jpg"
Cable_Iron_Cross,"Cable_Iron_Cross/0.jpg, Cable_Iron_Cross/1.jpg"
Cable_Judo_Flip,"Cable_Judo_Flip/0.jpg, Cable_Judo_Flip/1.jpg"
Cable_Lying_Triceps_Extension,"Cable_Lying_Triceps_Extension/0.jpg, Cable_Lying_Triceps_Extension/1.jpg"
Cable_One_Arm_Tricep_Extension,"Cable_One_Arm_Tricep_Extension/0.jpg, Cable_One_Arm_Tricep_Extension/1.jpg"
Cable_Preacher_Curl,"Cable_Preacher_Curl/0.jpg, Cable_Preacher_Curl/1.jpg"
Cable_Rear_Delt_Fly,"Cable_Rear_Delt_Fly/0.jpg, Cable_Rear_Delt_Fly/1.jpg"
Cable_Reverse_Crunch,"Cable_Reverse_Crunch/0.jpg, Cable_Reverse_Crunch/1.jpg"
Cable_Rope_Overhead_Triceps_Extension,"Cable_Rope_Overhead_Triceps_Extension/0.jpg, Cable_Rope_Overhead_Triceps_Extension/1.jpg"
Cable_Rope_Rear-Delt_Rows,"Cable_Rope_Rear-Delt_Rows/0.jpg, Cable_Rope_Rear-Delt_Rows/1.jpg"
Cable_Russian_Twists,"Cable_Russian_Twists/0.jpg, Cable_Russian_Twists/1.jpg"
Cable_Seated_Crunch,"Cable_Seated_Crunch/0.jpg, Cable_Seated_Crunch/1.jpg"
Cable_Seated_Lateral_Raise,"Cable_Seated_Lateral_Raise/0.jpg, Cable_Seated_Lateral_Raise/1.jpg"
Cable_Shoulder_Press,"Cable_Shoulder_Press/0.jpg, Cable_Shoulder_Press/1.jpg"
Cable_Shrugs,"Cable_Shrugs/0.jpg, Cable_Shrugs/1.jpg"
Cable_Wrist_Curl,"Cable_Wrist_Curl/0.jpg, Cable_Wrist_Curl/1.jpg"
Calf-Machine_Shoulder_Shrug,"Calf-Machine_Shoulder_Shrug/0.jpg, Calf-Machine_Shoulder_Shrug/1.jpg"
Calf_Press,"Calf_Press/0.jpg, Calf_Press/1.jpg"
Calf_Press_On_The_Leg_Press_Machine,"Calf_Press_On_The_Leg_Press_Machine/0.jpg, Calf_Press_On_The_Leg_Press_Machine/1.jpg"
Calf_Raises_-_With_Bands,"Calf_Raises_-_With_Bands/0.jpg, Calf_Raises_-_With_Bands/1.jpg"
Calf_Raise_On_A_Dumbbell,"Calf_Raise_On_A_Dumbbell/0.jpg, Calf_Raise_On_A_Dumbbell/1.jpg"
Calf_Stretch_Elbows_Against_Wall,"Calf_Stretch_Elbows_Against_Wall/0.jpg, Calf_Stretch_Elbows_Against_Wall/1.jpg"
Calf_Stretch_Hands_Against_Wall,"Calf_Stretch_Hands_Against_Wall/0.jpg, Calf_Stretch_Hands_Against_Wall/1.jpg"
Calves-SMR,"Calves-SMR/0.jpg, Calves-SMR/1.jpg"
Carioca_Quick_Step,"Carioca_Quick_Step/0.jpg, Carioca_Quick_Step/1.jpg"
Car_Deadlift,"Car_Deadlift/0.jpg, Car_Deadlift/1.jpg"
Car_Drivers,"Car_Drivers/0.jpg, Car_Drivers/1.jpg"
Catch_and_Overhead_Throw,"Catch_and_Overhead_Throw/0.jpg, Catch_and_Overhead_Throw/1.jpg"
Cat_Stretch,"Cat_Stretch/0.jpg, Cat_Stretch/1.jpg"
Chain_Handle_Extension,"Chain_Handle_Extension/0.jpg, Chain_Handle_Extension/1.jpg"
Chain_Press,"Chain_Press/0.jpg, Chain_Press/1.jpg"
Chair_Leg_Extended_Stretch,"Chair_Leg_Extended_Stretch/0.jpg, Chair_Leg_Extended_Stretch/1.jpg"
Chair_Lower_Back_Stretch,"Chair_Lower_Back_Stretch/0.jpg, Chair_Lower_Back_Stretch/1.jpg"
Chair_Squat,"Chair_Squat/0.jpg, Chair_Squat/1.jpg"
Chair_Upper_Body_Stretch,"Chair_Upper_Body_Stretch/0.jpg, Chair_Upper_Body_Stretch/1.jpg"
Chest_And_Front_Of_Shoulder_Stretch,"Chest_And_Front_Of_Shoulder_Stretch/0.jpg, Chest_And_Front_Of_Shoulder_Stretch/1.jpg"
Chest_Push_from_3_point_stance,"Chest_Push_from_3_point_stance/0.jpg, Chest_Push_from_3_point_stance/1.jpg"
Chest_Push_multiple_response,"Chest_Push_multiple_response/0.jpg, Chest_Push_multiple_response/1.jpg"
Chest_Push_single_response,"Chest_Push_single_response/0.jpg, Chest_Push_single_response/1.jpg"
Chest_Push_with_Run_Release,"Chest_Push_with_Run_Release/0.jpg, Chest_Push_with_Run_Release/1.jpg"
Chest_Stretch_on_Stability_Ball,"Chest_Stretch_on_Stability_Ball/0.jpg, Chest_Stretch_on_Stability_Ball/1.jpg"
Childs_Pose,"Childs_Pose/0.jpg, Childs_Pose/1.jpg"
Chin-Up,"Chin-Up/0.jpg, Chin-Up/1.jpg"
Chin_To_Chest_Stretch,"Chin_To_Chest_Stretch/0.jpg, Chin_To_Chest_Stretch/1.jpg"
Circus_Bell,"Circus_Bell/0.jpg, Circus_Bell/1.jpg"
Clean,"Clean/0.jpg, Clean/1.jpg"
Clean_and_Jerk,"Clean_and_Jerk/0.jpg, Clean_and_Jerk/1.jpg"
Clean_and_Press,"Clean_and_Press/0.jpg, Clean_and_Press/1.jpg"
Clean_Deadlift,"Clean_Deadlift/0.jpg, Clean_Deadlift/1.jpg"
Clean_from_Blocks,"Clean_from_Blocks/0.jpg, Clean_from_Blocks/1.jpg"
Clean_Pull,"Clean_Pull/0.jpg, Clean_Pull/1.jpg"
Clean_Shrug,"Clean_Shrug/0.jpg, Clean_Shrug/1.jpg"
Clock_Push-Up,"Clock_Push-Up/0.jpg, Clock_Push-Up/1.jpg"
Close-Grip_Barbell_Bench_Press,"Close-Grip_Barbell_Bench_Press/0.jpg, Close-Grip_Barbell_Bench_Press/1.jpg"
Close-Grip_Dumbbell_Press,"Close-Grip_Dumbbell_Press/0.jpg, Close-Grip_Dumbbell_Press/1.jpg"
Close-Grip_EZ-Bar_Curl_with_Band,"Close-Grip_EZ-Bar_Curl_with_Band/0.jpg, Close-Grip_EZ-Bar_Curl_with_Band/1.jpg"
Close-Grip_EZ-Bar_Press,"Close-Grip_EZ-Bar_Press/0.jpg, Close-Grip_EZ-Bar_Press/1.jpg"
Close-Grip_EZ_Bar_Curl,"Close-Grip_EZ_Bar_Curl/0.jpg, Close-Grip_EZ_Bar_Curl/1.jpg"
Close-Grip_Front_Lat_Pulldown,"Close-Grip_Front_Lat_Pulldown/0.jpg, Close-Grip_Front_Lat_Pulldown/1.jpg"
Close-Grip_Push-Up_off_of_a_Dumbbell,"Close-Grip_Push-Up_off_of_a_Dumbbell/0.jpg, Close-Grip_Push-Up_off_of_a_Dumbbell/1.jpg"
Close-Grip_Standing_Barbell_Curl,"Close-Grip_Standing_Barbell_Curl/0.jpg, Close-Grip_Standing_Barbell_Curl/1.jpg"
Cocoons,"Cocoons/0.jpg, Cocoons/1.jpg"
Conans_Wheel,"Conans_Wheel/0.jpg, Conans_Wheel/1.jpg"
Concentration_Curls,"Concentration_Curls/0.jpg, Concentration_Curls/1.jpg"
Cross-Body_Crunch,"Cross-Body_Crunch/0.jpg, Cross-Body_Crunch/1.jpg"
Crossover_Reverse_Lunge,"Crossover_Reverse_Lunge/0.jpg, Crossover_Reverse_Lunge/1.jpg"
Cross_Body_Hammer_Curl,"Cross_Body_Hammer_Curl/0.jpg, Cross_Body_Hammer_Curl/1.jpg"
Cross_Over_-_With_Bands,"Cross_Over_-_With_Bands/0.jpg, Cross_Over_-_With_Bands/1.jpg"
Crucifix,"Crucifix/0.jpg, Crucifix/1.jpg"
Crunches,"Crunches/0.jpg, Crunches/1.jpg"
Crunch_-_Hands_Overhead,"Crunch_-_Hands_Overhead/0.jpg, Crunch_-_Hands_Overhead/1.jpg"
Crunch_-_Legs_On_Exercise_Ball,"Crunch_-_Legs_On_Exercise_Ball/0.jpg, Crunch_-_Legs_On_Exercise_Ball/1.jpg"
Cuban_Press,"Cuban_Press/0.jpg, Cuban_Press/1.jpg"
Dancers_Stretch,"Dancers_Stretch/0.jpg, Dancers_Stretch/1.jpg"
Deadlift_with_Bands,"Deadlift_with_Bands/0.jpg, Deadlift_with_Bands/1.jpg"
Deadlift_with_Chains,"Deadlift_with_Chains/0.jpg, Deadlift_with_Chains/1.jpg"
Dead_Bug,"Dead_Bug/0.jpg, Dead_Bug/1.jpg"
Decline_Barbell_Bench_Press,"Decline_Barbell_Bench_Press/0.jpg, Decline_Barbell_Bench_Press/1.jpg"
Decline_Close-Grip_Bench_To_Skull_Crusher,"Decline_Close-Grip_Bench_To_Skull_Crusher/0.jpg, Decline_Close-Grip_Bench_To_Skull_Crusher/1.jpg"
Decline_Crunch,"Decline_Crunch/0.jpg, Decline_Crunch/1.jpg"
Decline_Dumbbell_Bench_Press,"Decline_Dumbbell_Bench_Press/0.jpg, Decline_Dumbbell_Bench_Press/1.jpg"
Decline_Dumbbell_Flyes,"Decline_Dumbbell_Flyes/0.jpg, Decline_Dumbbell_Flyes/1.jpg"
Decline_Dumbbell_Triceps_Extension,"Decline_Dumbbell_Triceps_Extension/0.jpg, Decline_Dumbbell_Triceps_Extension/1.jpg"
Decline_EZ_Bar_Triceps_Extension,"Decline_EZ_Bar_Triceps_Extension/0.jpg, Decline_EZ_Bar_Triceps_Extension/1.jpg"
Decline_Oblique_Crunch,"Decline_Oblique_Crunch/0.jpg, Decline_Oblique_Crunch/1.jpg"
Decline_Push-Up,"Decline_Push-Up/0.jpg, Decline_Push-Up/1.jpg"
Decline_Reverse_Crunch,"Decline_Reverse_Crunch/0.jpg, Decline_Reverse_Crunch/1.jpg"
Decline_Smith_Press,"Decline_Smith_Press/0.jpg, Decline_Smith_Press/1.jpg"
Deficit_Deadlift,"Deficit_Deadlift/0.jpg, Deficit_Deadlift/1.jpg"
Depth_Jump_Leap,"Depth_Jump_Leap/0.jpg, Depth_Jump_Leap/1.jpg"
Dips_-_Chest_Version,"Dips_-_Chest_Version/0.jpg, Dips_-_Chest_Version/1.jpg"
Dips_-_Triceps_Version,"Dips_-_Triceps_Version/0.jpg, Dips_-_Triceps_Version/1.jpg"
Dip_Machine,"Dip_Machine/0.jpg, Dip_Machine/1.jpg"
Donkey_Calf_Raises,"Donkey_Calf_Raises/0.jpg, Donkey_Calf_Raises/1.jpg"
Double_Kettlebell_Alternating_Hang_Clean,"Double_Kettlebell_Alternating_Hang_Clean/0.jpg, Double_Kettlebell_Alternating_Hang_Clean/1.jpg"
Double_Kettlebell_Jerk,"Double_Kettlebell_Jerk/0.jpg, Double_Kettlebell_Jerk/1.jpg"
Double_Kettlebell_Push_Press,"Double_Kettlebell_Push_Press/0.jpg, Double_Kettlebell_Push_Press/1.jpg"
Double_Kettlebell_Snatch,"Double_Kettlebell_Snatch/0.jpg, Double_Kettlebell_Snatch/1.jpg"
Double_Kettlebell_Windmill,"Double_Kettlebell_Windmill/0.jpg, Double_Kettlebell_Windmill/1.jpg"
Double_Leg_Butt_Kick,"Double_Leg_Butt_Kick/0.jpg, Double_Leg_Butt_Kick/1.jpg"
Downward_Facing_Balance,"Downward_Facing_Balance/0.jpg, Downward_Facing_Balance/1.jpg"
Drag_Curl,"Drag_Curl/0.jpg, Drag_Curl/1.jpg"
Drop_Push,"Drop_Push/0.jpg, Drop_Push/1.jpg"
Dumbbell_Alternate_Bicep_Curl,"Dumbbell_Alternate_Bicep_Curl/0.jpg, Dumbbell_Alternate_Bicep_Curl/1.jpg"
Dumbbell_Bench_Press,"Dumbbell_Bench_Press/0.jpg, Dumbbell_Bench_Press/1.jpg"
Dumbbell_Bench_Press_with_Neutral_Grip,"Dumbbell_Bench_Press_with_Neutral_Grip/0.jpg, Dumbbell_Bench_Press_with_Neutral_Grip/1.jpg"
Dumbbell_Bicep_Curl,"Dumbbell_Bicep_Curl/0.jpg, Dumbbell_Bicep_Curl/1.jpg"
Dumbbell_Clean,"Dumbbell_Clean/0.jpg, Dumbbell_Clean/1.jpg"
Dumbbell_Floor_Press,"Dumbbell_Floor_Press/0.jpg, Dumbbell_Floor_Press/1.jpg"
Dumbbell_Flyes,"Dumbbell_Flyes/0.jpg, Dumbbell_Flyes/1.jpg"
Dumbbell_Incline_Row,"Dumbbell_Incline_Row/0.jpg, Dumbbell_Incline_Row/1.jpg"
Dumbbell_Incline_Shoulder_Raise,"Dumbbell_Incline_Shoulder_Raise/0.jpg, Dumbbell_Incline_Shoulder_Raise/1.jpg"
Dumbbell_Lunges,"Dumbbell_Lunges/0.jpg, Dumbbell_Lunges/1.jpg"
Dumbbell_Lying_One-Arm_Rear_Lateral_Raise,"Dumbbell_Lying_One-Arm_Rear_Lateral_Raise/0.jpg, Dumbbell_Lying_One-Arm_Rear_Lateral_Raise/1.jpg"
Dumbbell_Lying_Pronation,"Dumbbell_Lying_Pronation/0.jpg, Dumbbell_Lying_Pronation/1.jpg"
Dumbbell_Lying_Rear_Lateral_Raise,"Dumbbell_Lying_Rear_Lateral_Raise/0.jpg, Dumbbell_Lying_Rear_Lateral_Raise/1.jpg"
Dumbbell_Lying_Supination,"Dumbbell_Lying_Supination/0.jpg, Dumbbell_Lying_Supination/1.jpg"
Dumbbell_One-Arm_Shoulder_Press,"Dumbbell_One-Arm_Shoulder_Press/0.jpg, Dumbbell_One-Arm_Shoulder_Press/1.jpg"
Dumbbell_One-Arm_Triceps_Extension,"Dumbbell_One-Arm_Triceps_Extension/0.jpg, Dumbbell_One-Arm_Triceps_Extension/1.jpg"
Dumbbell_One-Arm_Upright_Row,"Dumbbell_One-Arm_Upright_Row/0.jpg, Dumbbell_One-Arm_Upright_Row/1.jpg"
Dumbbell_Prone_Incline_Curl,"Dumbbell_Prone_Incline_Curl/0.jpg, Dumbbell_Prone_Incline_Curl/1.jpg"
Dumbbell_Raise,"Dumbbell_Raise/0.jpg, Dumbbell_Raise/1.jpg"
Dumbbell_Rear_Lunge,"Dumbbell_Rear_Lunge/0.jpg, Dumbbell_Rear_Lunge/1.jpg"
Dumbbell_Scaption,"Dumbbell_Scaption/0.jpg, Dumbbell_Scaption/1.jpg"
Dumbbell_Seated_Box_Jump,"Dumbbell_Seated_Box_Jump/0.jpg, Dumbbell_Seated_Box_Jump/1.jpg"
Dumbbell_Seated_One-Leg_Calf_Raise,"Dumbbell_Seated_One-Leg_Calf_Raise/0.jpg, Dumbbell_Seated_One-Leg_Calf_Raise/1.jpg"
Dumbbell_Shoulder_Press,"Dumbbell_Shoulder_Press/0.jpg, Dumbbell_Shoulder_Press/1.jpg"
Dumbbell_Shrug,"Dumbbell_Shrug/0.jpg, Dumbbell_Shrug/1.jpg"
Dumbbell_Side_Bend,"Dumbbell_Side_Bend/0.jpg, Dumbbell_Side_Bend/1.jpg"
Dumbbell_Squat,"Dumbbell_Squat/0.jpg, Dumbbell_Squat/1.jpg"
Dumbbell_Squat_To_A_Bench,"Dumbbell_Squat_To_A_Bench/0.jpg, Dumbbell_Squat_To_A_Bench/1.jpg"
Dumbbell_Step_Ups,"Dumbbell_Step_Ups/0.jpg, Dumbbell_Step_Ups/1.jpg"
Dumbbell_Tricep_Extension_-Pronated_Grip,"Dumbbell_Tricep_Extension_-Pronated_Grip/0.jpg, Dumbbell_Tricep_Extension_-Pronated_Grip/1.jpg"
Dynamic_Back_Stretch,"Dynamic_Back_Stretch/0.jpg, Dynamic_Back_Stretch/1.jpg"
Dynamic_Chest_Stretch,"Dynamic_Chest_Stretch/0.jpg, Dynamic_Chest_Stretch/1.jpg"
Elbows_Back,"Elbows_Back/0.jpg, Elbows_Back/1.jpg"
Elbow_Circles,"Elbow_Circles/0.jpg, Elbow_Circles/1.jpg"
Elbow_to_Knee,"Elbow_to_Knee/0.jpg, Elbow_to_Knee/1.jpg"
Elevated_Back_Lunge,"Elevated_Back_Lunge/0.jpg, Elevated_Back_Lunge/1.jpg"
Elevated_Cable_Rows,"Elevated_Cable_Rows/0.jpg, Elevated_Cable_Rows/1.jpg"
Elliptical_Trainer,"Elliptical_Trainer/0.jpg, Elliptical_Trainer/1.jpg"
Exercise_Ball_Crunch,"Exercise_Ball_Crunch/0.jpg, Exercise_Ball_Crunch/1.jpg"
Exercise_Ball_Pull-In,"Exercise_Ball_Pull-In/0.jpg, Exercise_Ball_Pull-In/1.jpg"
Extended_Range_One-Arm_Kettlebell_Floor_Press,"Extended_Range_One-Arm_Kettlebell_Floor_Press/0.jpg, Extended_Range_One-Arm_Kettlebell_Floor_Press/1.jpg"
External_Rotation,"External_Rotation/0.jpg, External_Rotation/1.jpg"
External_Rotation_with_Band,"External_Rotation_with_Band/0.jpg, External_Rotation_with_Band/1.jpg"
External_Rotation_with_Cable,"External_Rotation_with_Cable/0.jpg, External_Rotation_with_Cable/1.jpg"
EZ-Bar_Curl,"EZ-Bar_Curl/0.jpg, EZ-Bar_Curl/1.jpg"
EZ-Bar_Skullcrusher,"EZ-Bar_Skullcrusher/0.jpg, EZ-Bar_Skullcrusher/1.jpg"
Face_Pull,"Face_Pull/0.jpg, Face_Pull/1.jpg"
Farmers_Walk,"Farmers_Walk/0.jpg, Farmers_Walk/1.jpg"
Fast_Skipping,"Fast_Skipping/0.jpg, Fast_Skipping/1.jpg"
Finger_Curls,"Finger_Curls/0.jpg, Finger_Curls/1.jpg"
Flat_Bench_Cable_Flyes,"Flat_Bench_Cable_Flyes/0.jpg, Flat_Bench_Cable_Flyes/1.jpg"
Flat_Bench_Leg_Pull-In,"Flat_Bench_Leg_Pull-In/0.jpg, Flat_Bench_Leg_Pull-In/1.jpg"
Flat_Bench_Lying_Leg_Raise,"Flat_Bench_Lying_Leg_Raise/0.jpg, Flat_Bench_Lying_Leg_Raise/1.jpg"
Flexor_Incline_Dumbbell_Curls,"Flexor_Incline_Dumbbell_Curls/0.jpg, Flexor_Incline_Dumbbell_Curls/1.jpg"
Floor_Glute-Ham_Raise,"Floor_Glute-Ham_Raise/0.jpg, Floor_Glute-Ham_Raise/1.jpg"
Floor_Press,"Floor_Press/0.jpg, Floor_Press/1.jpg"
Floor_Press_with_Chains,"Floor_Press_with_Chains/0.jpg, Floor_Press_with_Chains/1.jpg"
Flutter_Kicks,"Flutter_Kicks/0.jpg, Flutter_Kicks/1.jpg"
Foot-SMR,"Foot-SMR/0.jpg, Foot-SMR/1.jpg"
Forward_Drag_with_Press,"Forward_Drag_with_Press/0.jpg, Forward_Drag_with_Press/1.jpg"
Frankenstein_Squat,"Frankenstein_Squat/0.jpg, Frankenstein_Squat/1.jpg"
Freehand_Jump_Squat,"Freehand_Jump_Squat/0.jpg, Freehand_Jump_Squat/1.jpg"
Frog_Hops,"Frog_Hops/0.jpg, Frog_Hops/1.jpg"
Frog_Sit-Ups,"Frog_Sit-Ups/0.jpg, Frog_Sit-Ups/1.jpg"
Front_Barbell_Squat,"Front_Barbell_Squat/0.jpg, Front_Barbell_Squat/1.jpg"
Front_Barbell_Squat_To_A_Bench,"Front_Barbell_Squat_To_A_Bench/0.jpg, Front_Barbell_Squat_To_A_Bench/1.jpg"
Front_Box_Jump,"Front_Box_Jump/0.jpg, Front_Box_Jump/1.jpg"
Front_Cable_Raise,"Front_Cable_Raise/0.jpg, Front_Cable_Raise/1.jpg"
Front_Cone_Hops_or_hurdle_hops,"Front_Cone_Hops_or_hurdle_hops/0.jpg, Front_Cone_Hops_or_hurdle_hops/1.jpg"
Front_Dumbbell_Raise,"Front_Dumbbell_Raise/0.jpg, Front_Dumbbell_Raise/1.jpg"
Front_Incline_Dumbbell_Raise,"Front_Incline_Dumbbell_Raise/0.jpg, Front_Incline_Dumbbell_Raise/1.jpg"
Front_Leg_Raises,"Front_Leg_Raises/0.jpg, Front_Leg_Raises/1.jpg"
Front_Plate_Raise,"Front_Plate_Raise/0.jpg, Front_Plate_Raise/1.jpg"
Front_Raise_And_Pullover,"Front_Raise_And_Pullover/0.jpg, Front_Raise_And_Pullover/1.jpg"
Front_Squats_With_Two_Kettlebells,"Front_Squats_With_Two_Kettlebells/0.jpg, Front_Squats_With_Two_Kettlebells/1.jpg"
Front_Squat_Clean_Grip,"Front_Squat_Clean_Grip/0.jpg, Front_Squat_Clean_Grip/1.jpg"
Front_Two-Dumbbell_Raise,"Front_Two-Dumbbell_Raise/0.jpg, Front_Two-Dumbbell_Raise/1.jpg"
Full_Range-Of-Motion_Lat_Pulldown,"Full_Range-Of-Motion_Lat_Pulldown/0.jpg, Full_Range-Of-Motion_Lat_Pulldown/1.jpg"
Gironda_Sternum_Chins,"Gironda_Sternum_Chins/0.jpg, Gironda_Sternum_Chins/1.jpg"
Glute_Ham_Raise,"Glute_Ham_Raise/0.jpg, Glute_Ham_Raise/1.jpg"
Glute_Kickback,"Glute_Kickback/0.jpg, Glute_Kickback/1.jpg"
Goblet_Squat,"Goblet_Squat/0.jpg, Goblet_Squat/1.jpg"
Good_Morning,"Good_Morning/0.jpg, Good_Morning/1.jpg"
Good_Morning_off_Pins,"Good_Morning_off_Pins/0.jpg, Good_Morning_off_Pins/1.jpg"
Gorilla_Chin_Crunch,"Gorilla_Chin_Crunch/0.jpg, Gorilla_Chin_Crunch/1.jpg"
Groiners,"Groiners/0.jpg, Groiners/1.jpg"
Groin_and_Back_Stretch,"Groin_and_Back_Stretch/0.jpg, Groin_and_Back_Stretch/1.jpg"
Hack_Squat,"Hack_Squat/0.jpg, Hack_Squat/1.jpg"
Hammer_Curls,"Hammer_Curls/0.jpg, Hammer_Curls/1.jpg"
Hammer_Grip_Incline_DB_Bench_Press,"Hammer_Grip_Incline_DB_Bench_Press/0.jpg, Hammer_Grip_Incline_DB_Bench_Press/1.jpg"
Hamstring-SMR,"Hamstring-SMR/0.jpg, Hamstring-SMR/1.jpg"
Hamstring_Stretch,"Hamstring_Stretch/0.jpg, Hamstring_Stretch/1.jpg"
Handstand_Push-Ups,"Handstand_Push-Ups/0.jpg, Handstand_Push-Ups/1.jpg"
Hanging_Bar_Good_Morning,"Hanging_Bar_Good_Morning/0.jpg, Hanging_Bar_Good_Morning/1.jpg"
Hanging_Leg_Raise,"Hanging_Leg_Raise/0.jpg, Hanging_Leg_Raise/1.jpg"
Hanging_Pike,"Hanging_Pike/0.jpg, Hanging_Pike/1.jpg"
Hang_Clean,"Hang_Clean/0.jpg, Hang_Clean/1.jpg"
Hang_Clean_-_Below_the_Knees,"Hang_Clean_-_Below_the_Knees/0.jpg, Hang_Clean_-_Below_the_Knees/1.jpg"
Hang_Snatch,"Hang_Snatch/0.jpg, Hang_Snatch/1.jpg"
Hang_Snatch_-_Below_Knees,"Hang_Snatch_-_Below_Knees/0.jpg, Hang_Snatch_-_Below_Knees/1.jpg"
Heaving_Snatch_Balance,"Heaving_Snatch_Balance/0.jpg, Heaving_Snatch_Balance/1.jpg"
Heavy_Bag_Thrust,"Heavy_Bag_Thrust/0.jpg, Heavy_Bag_Thrust/1.jpg"
High_Cable_Curls,"High_Cable_Curls/0.jpg, High_Cable_Curls/1.jpg"
Hip_Circles_prone,"Hip_Circles_prone/0.jpg, Hip_Circles_prone/1.jpg"
Hip_Extension_with_Bands,"Hip_Extension_with_Bands/0.jpg, Hip_Extension_with_Bands/1.jpg"
Hip_Flexion_with_Band,"Hip_Flexion_with_Band/0.jpg, Hip_Flexion_with_Band/1.jpg"
Hip_Lift_with_Band,"Hip_Lift_with_Band/0.jpg, Hip_Lift_with_Band/1.jpg"
Hug_A_Ball,"Hug_A_Ball/0.jpg, Hug_A_Ball/1.jpg"
Hug_Knees_To_Chest,"Hug_Knees_To_Chest/0.jpg, Hug_Knees_To_Chest/1.jpg"
Hurdle_Hops,"Hurdle_Hops/0.jpg, Hurdle_Hops/1.jpg"
Hyperextensions_Back_Extensions,"Hyperextensions_Back_Extensions/0.jpg, Hyperextensions_Back_Extensions/1.jpg"
Hyperextensions_With_No_Hyperextension_Bench,"Hyperextensions_With_No_Hyperextension_Bench/0.jpg, Hyperextensions_With_No_Hyperextension_Bench/1.jpg"
Iliotibial_Tract-SMR,"Iliotibial_Tract-SMR/0.jpg, Iliotibial_Tract-SMR/1.jpg"
Inchworm,"Inchworm/0.jpg, Inchworm/1.jpg"
Incline_Barbell_Triceps_Extension,"Incline_Barbell_Triceps_Extension/0.jpg, Incline_Barbell_Triceps_Extension/1.jpg"
Incline_Bench_Pull,"Incline_Bench_Pull/0.jpg, Incline_Bench_Pull/1.jpg"
Incline_Cable_Chest_Press,"Incline_Cable_Chest_Press/0.jpg, Incline_Cable_Chest_Press/1.jpg"
Incline_Cable_Flye,"Incline_Cable_Flye/0.jpg, Incline_Cable_Flye/1.jpg"
Incline_Dumbbell_Bench_With_Palms_Facing_In,"Incline_Dumbbell_Bench_With_Palms_Facing_In/0.jpg, Incline_Dumbbell_Bench_With_Palms_Facing_In/1.jpg"
Incline_Dumbbell_Curl,"Incline_Dumbbell_Curl/0.jpg, Incline_Dumbbell_Curl/1.jpg"
Incline_Dumbbell_Flyes,"Incline_Dumbbell_Flyes/0.jpg, Incline_Dumbbell_Flyes/1.jpg"
Incline_Dumbbell_Flyes_-_With_A_Twist,"Incline_Dumbbell_Flyes_-_With_A_Twist/0.jpg, Incline_Dumbbell_Flyes_-_With_A_Twist/1.jpg"
Incline_Dumbbell_Press,"Incline_Dumbbell_Press/0.jpg, Incline_Dumbbell_Press/1.jpg"
Incline_Hammer_Curls,"Incline_Hammer_Curls/0.jpg, Incline_Hammer_Curls/1.jpg"
Incline_Inner_Biceps_Curl,"Incline_Inner_Biceps_Curl/0.jpg, Incline_Inner_Biceps_Curl/1.jpg"
Incline_Push-Up,"Incline_Push-Up/0.jpg, Incline_Push-Up/1.jpg"
Incline_Push-Up_Close-Grip,"Incline_Push-Up_Close-Grip/0.jpg, Incline_Push-Up_Close-Grip/1.jpg"
Incline_Push-Up_Depth_Jump,"Incline_Push-Up_Depth_Jump/0.jpg, Incline_Push-Up_Depth_Jump/1.jpg"
Incline_Push-Up_Medium,"Incline_Push-Up_Medium/0.jpg, Incline_Push-Up_Medium/1.jpg"
Incline_Push-Up_Reverse_Grip,"Incline_Push-Up_Reverse_Grip/0.jpg, Incline_Push-Up_Reverse_Grip/1.jpg"
Incline_Push-Up_Wide,"Incline_Push-Up_Wide/0.jpg, Incline_Push-Up_Wide/1.jpg"
Intermediate_Groin_Stretch,"Intermediate_Groin_Stretch/0.jpg, Intermediate_Groin_Stretch/1.jpg"
Intermediate_Hip_Flexor_and_Quad_Stretch,"Intermediate_Hip_Flexor_and_Quad_Stretch/0.jpg, Intermediate_Hip_Flexor_and_Quad_Stretch/1.jpg"
Internal_Rotation_with_Band,"Internal_Rotation_with_Band/0.jpg, Internal_Rotation_with_Band/1.jpg"
Inverted_Row,"Inverted_Row/0.jpg, Inverted_Row/1.jpg"
Inverted_Row_with_Straps,"Inverted_Row_with_Straps/0.jpg, Inverted_Row_with_Straps/1.jpg"
Iron_Cross,"Iron_Cross/0.jpg, Iron_Cross/1.jpg"
Iron_Crosses_stretch,"Iron_Crosses_stretch/0.jpg, Iron_Crosses_stretch/1.jpg"
Isometric_Chest_Squeezes,"Isometric_Chest_Squeezes/0.jpg, Isometric_Chest_Squeezes/1.jpg"
Isometric_Neck_Exercise_-_Front_And_Back,"Isometric_Neck_Exercise_-_Front_And_Back/0.jpg, Isometric_Neck_Exercise_-_Front_And_Back/1.jpg"
Isometric_Neck_Exercise_-_Sides,"Isometric_Neck_Exercise_-_Sides/0.jpg, Isometric_Neck_Exercise_-_Sides/1.jpg"
Isometric_Wipers,"Isometric_Wipers/0.jpg, Isometric_Wipers/1.jpg"
IT_Band_and_Glute_Stretch,"IT_Band_and_Glute_Stretch/0.jpg, IT_Band_and_Glute_Stretch/1.jpg"
Jackknife_Sit-Up,"Jackknife_Sit-Up/0.jpg, Jackknife_Sit-Up/1.jpg"
Janda_Sit-Up,"Janda_Sit-Up/0.jpg, Janda_Sit-Up/1.jpg"
Jefferson_Squats,"Jefferson_Squats/0.jpg, Jefferson_Squats/1.jpg"
Jerk_Balance,"Jerk_Balance/0.jpg, Jerk_Balance/1.jpg"
Jerk_Dip_Squat,"Jerk_Dip_Squat/0.jpg, Jerk_Dip_Squat/1.jpg"
JM_Press,"JM_Press/0.jpg, JM_Press/1.jpg"
Jogging_Treadmill,"Jogging_Treadmill/0.jpg, Jogging_Treadmill/1.jpg"
Keg_Load,"Keg_Load/0.jpg, Keg_Load/1.jpg"
Kettlebell_Arnold_Press,"Kettlebell_Arnold_Press/0.jpg, Kettlebell_Arnold_Press/1.jpg"
Kettlebell_Dead_Clean,"Kettlebell_Dead_Clean/0.jpg, Kettlebell_Dead_Clean/1.jpg"
Kettlebell_Figure_8,"Kettlebell_Figure_8/0.jpg, Kettlebell_Figure_8/1.jpg"
Kettlebell_Hang_Clean,"Kettlebell_Hang_Clean/0.jpg, Kettlebell_Hang_Clean/1.jpg"
Kettlebell_One-Legged_Deadlift,"Kettlebell_One-Legged_Deadlift/0.jpg, Kettlebell_One-Legged_Deadlift/1.jpg"
Kettlebell_Pass_Between_The_Legs,"Kettlebell_Pass_Between_The_Legs/0.jpg, Kettlebell_Pass_Between_The_Legs/1.jpg"
Kettlebell_Pirate_Ships,"Kettlebell_Pirate_Ships/0.jpg, Kettlebell_Pirate_Ships/1.jpg"
Kettlebell_Pistol_Squat,"Kettlebell_Pistol_Squat/0.jpg, Kettlebell_Pistol_Squat/1.jpg"
Kettlebell_Seated_Press,"Kettlebell_Seated_Press/0.jpg, Kettlebell_Seated_Press/1.jpg"
Kettlebell_Seesaw_Press,"Kettlebell_Seesaw_Press/0.jpg, Kettlebell_Seesaw_Press/1.jpg"
Kettlebell_Sumo_High_Pull,"Kettlebell_Sumo_High_Pull/0.jpg, Kettlebell_Sumo_High_Pull/1.jpg"
Kettlebell_Thruster,"Kettlebell_Thruster/0.jpg, Kettlebell_Thruster/1.jpg"
Kettlebell_Turkish_Get-Up_Lunge_style,"Kettlebell_Turkish_Get-Up_Lunge_style/0.jpg, Kettlebell_Turkish_Get-Up_Lunge_style/1.jpg"
Kettlebell_Turkish_Get-Up_Squat_style,"Kettlebell_Turkish_Get-Up_Squat_style/0.jpg, Kettlebell_Turkish_Get-Up_Squat_style/1.jpg"
Kettlebell_Windmill,"Kettlebell_Windmill/0.jpg, Kettlebell_Windmill/1.jpg"
Kipping_Muscle_Up,"Kipping_Muscle_Up/0.jpg, Kipping_Muscle_Up/1.jpg"
Kneeling_Arm_Drill,"Kneeling_Arm_Drill/0.jpg, Kneeling_Arm_Drill/1.jpg"
Kneeling_Cable_Crunch_With_Alternating_Oblique_Twists,"Kneeling_Cable_Crunch_With_Alternating_Oblique_Twists/0.jpg, Kneeling_Cable_Crunch_With_Alternating_Oblique_Twists/1.jpg"
Kneeling_Cable_Triceps_Extension,"Kneeling_Cable_Triceps_Extension/0.jpg, Kneeling_Cable_Triceps_Extension/1.jpg"
Kneeling_Forearm_Stretch,"Kneeling_Forearm_Stretch/0.jpg, Kneeling_Forearm_Stretch/1.jpg"
Kneeling_High_Pulley_Row,"Kneeling_High_Pulley_Row/0.jpg, Kneeling_High_Pulley_Row/1.jpg"
Kneeling_Hip_Flexor,"Kneeling_Hip_Flexor/0.jpg, Kneeling_Hip_Flexor/1.jpg"
Kneeling_Jump_Squat,"Kneeling_Jump_Squat/0.jpg, Kneeling_Jump_Squat/1.jpg"
Kneeling_Single-Arm_High_Pulley_Row,"Kneeling_Single-Arm_High_Pulley_Row/0.jpg, Kneeling_Single-Arm_High_Pulley_Row/1.jpg"
Kneeling_Squat,"Kneeling_Squat/0.jpg, Kneeling_Squat/1.jpg"
Knee_Across_The_Body,"Knee_Across_The_Body/0.jpg, Knee_Across_The_Body/1.jpg"
Knee_Circles,"Knee_Circles/0.jpg, Knee_Circles/1.jpg"
Knee_Hip_Raise_On_Parallel_Bars,"Knee_Hip_Raise_On_Parallel_Bars/0.jpg, Knee_Hip_Raise_On_Parallel_Bars/1.jpg"
Knee_Tuck_Jump,"Knee_Tuck_Jump/0.jpg, Knee_Tuck_Jump/1.jpg"
Landmine_180s,"Landmine_180s/0.jpg, Landmine_180s/1.jpg"
Landmine_Linear_Jammer,"Landmine_Linear_Jammer/0.jpg, Landmine_Linear_Jammer/1.jpg"
Lateral_Bound,"Lateral_Bound/0.jpg, Lateral_Bound/1.jpg"
Lateral_Box_Jump,"Lateral_Box_Jump/0.jpg, Lateral_Box_Jump/1.jpg"
Lateral_Cone_Hops,"Lateral_Cone_Hops/0.jpg, Lateral_Cone_Hops/1.jpg"
Lateral_Raise_-_With_Bands,"Lateral_Raise_-_With_Bands/0.jpg, Lateral_Raise_-_With_Bands/1.jpg"
Latissimus_Dorsi-SMR,"Latissimus_Dorsi-SMR/0.jpg, Latissimus_Dorsi-SMR/1.jpg"
Leg-Over_Floor_Press,"Leg-Over_Floor_Press/0.jpg, Leg-Over_Floor_Press/1.jpg"
Leg-Up_Hamstring_Stretch,"Leg-Up_Hamstring_Stretch/0.jpg, Leg-Up_Hamstring_Stretch/1.jpg"
Leg_Extensions,"Leg_Extensions/0.jpg, Leg_Extensions/1.jpg"
Leg_Lift,"Leg_Lift/0.jpg, Leg_Lift/1.jpg"
Leg_Press,"Leg_Press/0.jpg, Leg_Press/1.jpg"
Leg_Pull-In,"Leg_Pull-In/0.jpg, Leg_Pull-In/1.jpg"
Leverage_Chest_Press,"Leverage_Chest_Press/0.jpg, Leverage_Chest_Press/1.jpg"
Leverage_Deadlift,"Leverage_Deadlift/0.jpg, Leverage_Deadlift/1.jpg"
Leverage_Decline_Chest_Press,"Leverage_Decline_Chest_Press/0.jpg, Leverage_Decline_Chest_Press/1.jpg"
Leverage_High_Row,"Leverage_High_Row/0.jpg, Leverage_High_Row/1.jpg"
Leverage_Incline_Chest_Press,"Leverage_Incline_Chest_Press/0.jpg, Leverage_Incline_Chest_Press/1.jpg"
Leverage_Iso_Row,"Leverage_Iso_Row/0.jpg, Leverage_Iso_Row/1.jpg"
Leverage_Shoulder_Press,"Leverage_Shoulder_Press/0.jpg, Leverage_Shoulder_Press/1.jpg"
Leverage_Shrug,"Leverage_Shrug/0.jpg, Leverage_Shrug/1.jpg"
Linear_3-Part_Start_Technique,"Linear_3-Part_Start_Technique/0.jpg, Linear_3-Part_Start_Technique/1.jpg"
Linear_Acceleration_Wall_Drill,"Linear_Acceleration_Wall_Drill/0.jpg, Linear_Acceleration_Wall_Drill/1.jpg"
Linear_Depth_Jump,"Linear_Depth_Jump/0.jpg, Linear_Depth_Jump/1.jpg"
Log_Lift,"Log_Lift/0.jpg, Log_Lift/1.jpg"
London_Bridges,"London_Bridges/0.jpg, London_Bridges/1.jpg"
Looking_At_Ceiling,"Looking_At_Ceiling/0.jpg, Looking_At_Ceiling/1.jpg"
Lower_Back-SMR,"Lower_Back-SMR/0.jpg, Lower_Back-SMR/1.jpg"
Lower_Back_Curl,"Lower_Back_Curl/0.jpg, Lower_Back_Curl/1.jpg"
Low_Cable_Crossover,"Low_Cable_Crossover/0.jpg, Low_Cable_Crossover/1.jpg"
Low_Cable_Triceps_Extension,"Low_Cable_Triceps_Extension/0.jpg, Low_Cable_Triceps_Extension/1.jpg"
Low_Pulley_Row_To_Neck,"Low_Pulley_Row_To_Neck/0.jpg, Low_Pulley_Row_To_Neck/1.jpg"
Lunge_Pass_Through,"Lunge_Pass_Through/0.jpg, Lunge_Pass_Through/1.jpg"
Lunge_Sprint,"Lunge_Sprint/0.jpg, Lunge_Sprint/1.jpg"
Lying_Bent_Leg_Groin,"Lying_Bent_Leg_Groin/0.jpg, Lying_Bent_Leg_Groin/1.jpg"
Lying_Cable_Curl,"Lying_Cable_Curl/0.jpg, Lying_Cable_Curl/1.jpg"
Lying_Cambered_Barbell_Row,"Lying_Cambered_Barbell_Row/0.jpg, Lying_Cambered_Barbell_Row/1.jpg"
Lying_Close-Grip_Barbell_Triceps_Extension_Behind_The_Head,"Lying_Close-Grip_Barbell_Triceps_Extension_Behind_The_Head/0.jpg, Lying_Close-Grip_Barbell_Triceps_Extension_Behind_The_Head/1.jpg"
Lying_Close-Grip_Barbell_Triceps_Press_To_Chin,"Lying_Close-Grip_Barbell_Triceps_Press_To_Chin/0.jpg, Lying_Close-Grip_Barbell_Triceps_Press_To_Chin/1.jpg"
Lying_Close-Grip_Bar_Curl_On_High_Pulley,"Lying_Close-Grip_Bar_Curl_On_High_Pulley/0.jpg, Lying_Close-Grip_Bar_Curl_On_High_Pulley/1.jpg"
Lying_Crossover,"Lying_Crossover/0.jpg, Lying_Crossover/1.jpg"
Lying_Dumbbell_Tricep_Extension,"Lying_Dumbbell_Tricep_Extension/0.jpg, Lying_Dumbbell_Tricep_Extension/1.jpg"
Lying_Face_Down_Plate_Neck_Resistance,"Lying_Face_Down_Plate_Neck_Resistance/0.jpg, Lying_Face_Down_Plate_Neck_Resistance/1.jpg"
Lying_Face_Up_Plate_Neck_Resistance,"Lying_Face_Up_Plate_Neck_Resistance/0.jpg, Lying_Face_Up_Plate_Neck_Resistance/1.jpg"
Lying_Glute,"Lying_Glute/0.jpg, Lying_Glute/1.jpg"
Lying_Hamstring,"Lying_Hamstring/0.jpg, Lying_Hamstring/1.jpg"
Lying_High_Bench_Barbell_Curl,"Lying_High_Bench_Barbell_Curl/0.jpg, Lying_High_Bench_Barbell_Curl/1.jpg"
Lying_Leg_Curls,"Lying_Leg_Curls/0.jpg, Lying_Leg_Curls/1.jpg"
Lying_Machine_Squat,"Lying_Machine_Squat/0.jpg, Lying_Machine_Squat/1.jpg"
Lying_One-Arm_Lateral_Raise,"Lying_One-Arm_Lateral_Raise/0.jpg, Lying_One-Arm_Lateral_Raise/1.jpg"
Lying_Prone_Quadriceps,"Lying_Prone_Quadriceps/0.jpg, Lying_Prone_Quadriceps/1.jpg"
Lying_Rear_Delt_Raise,"Lying_Rear_Delt_Raise/0.jpg, Lying_Rear_Delt_Raise/1.jpg"
Lying_Supine_Dumbbell_Curl,"Lying_Supine_Dumbbell_Curl/0.jpg, Lying_Supine_Dumbbell_Curl/1.jpg"
Lying_T-Bar_Row,"Lying_T-Bar_Row/0.jpg, Lying_T-Bar_Row/1.jpg"
Lying_Triceps_Press,"Lying_Triceps_Press/0.jpg, Lying_Triceps_Press/1.jpg"
Machine_Bench_Press,"Machine_Bench_Press/0.jpg, Machine_Bench_Press/1.jpg"
Machine_Bicep_Curl,"Machine_Bicep_Curl/0.jpg, Machine_Bicep_Curl/1.jpg"
Machine_Preacher_Curls,"Machine_Preacher_Curls/0.jpg, Machine_Preacher_Curls/1.jpg"
Machine_Shoulder_Military_Press,"Machine_Shoulder_Military_Press/0.jpg, Machine_Shoulder_Military_Press/1.jpg"
Machine_Triceps_Extension,"Machine_Triceps_Extension/0.jpg, Machine_Triceps_Extension/1.jpg"
Medicine_Ball_Chest_Pass,"Medicine_Ball_Chest_Pass/0.jpg, Medicine_Ball_Chest_Pass/1.jpg"
Medicine_Ball_Full_Twist,"Medicine_Ball_Full_Twist/0.jpg, Medicine_Ball_Full_Twist/1.jpg"
Medicine_Ball_Scoop_Throw,"Medicine_Ball_Scoop_Throw/0.jpg, Medicine_Ball_Scoop_Throw/1.jpg"
Middle_Back_Shrug,"Middle_Back_Shrug/0.jpg, Middle_Back_Shrug/1.jpg"
Middle_Back_Stretch,"Middle_Back_Stretch/0.jpg, Middle_Back_Stretch/1.jpg"
Mixed_Grip_Chin,"Mixed_Grip_Chin/0.jpg, Mixed_Grip_Chin/1.jpg"
Monster_Walk,"Monster_Walk/0.jpg, Monster_Walk/1.jpg"
Mountain_Climbers,"Mountain_Climbers/0.jpg, Mountain_Climbers/1.jpg"
Moving_Claw_Series,"Moving_Claw_Series/0.jpg, Moving_Claw_Series/1.jpg"
Muscle_Snatch,"Muscle_Snatch/0.jpg, Muscle_Snatch/1.jpg"
Muscle_Up,"Muscle_Up/0.jpg, Muscle_Up/1.jpg"
Narrow_Stance_Hack_Squats,"Narrow_Stance_Hack_Squats/0.jpg, Narrow_Stance_Hack_Squats/1.jpg"
Narrow_Stance_Leg_Press,"Narrow_Stance_Leg_Press/0.jpg, Narrow_Stance_Leg_Press/1.jpg"
Narrow_Stance_Squats,"Narrow_Stance_Squats/0.jpg, Narrow_Stance_Squats/1.jpg"
Natural_Glute_Ham_Raise,"Natural_Glute_Ham_Raise/0.jpg, Natural_Glute_Ham_Raise/1.jpg"
Neck-SMR,"Neck-SMR/0.jpg, Neck-SMR/1.jpg"
Neck_Press,"Neck_Press/0.jpg, Neck_Press/1.jpg"
Oblique_Crunches,"Oblique_Crunches/0.jpg, Oblique_Crunches/1.jpg"
Oblique_Crunches_-_On_The_Floor,"Oblique_Crunches_-_On_The_Floor/0.jpg, Oblique_Crunches_-_On_The_Floor/1.jpg"
Olympic_Squat,"Olympic_Squat/0.jpg, Olympic_Squat/1.jpg"
On-Your-Back_Quad_Stretch,"On-Your-Back_Quad_Stretch/0.jpg, On-Your-Back_Quad_Stretch/1.jpg"
One-Arm_Dumbbell_Row,"One-Arm_Dumbbell_Row/0.jpg, One-Arm_Dumbbell_Row/1.jpg"
One-Arm_Flat_Bench_Dumbbell_Flye,"One-Arm_Flat_Bench_Dumbbell_Flye/0.jpg, One-Arm_Flat_Bench_Dumbbell_Flye/1.jpg"
One-Arm_High-Pulley_Cable_Side_Bends,"One-Arm_High-Pulley_Cable_Side_Bends/0.jpg, One-Arm_High-Pulley_Cable_Side_Bends/1.jpg"
One-Arm_Incline_Lateral_Raise,"One-Arm_Incline_Lateral_Raise/0.jpg, One-Arm_Incline_Lateral_Raise/1.jpg"
One-Arm_Kettlebell_Clean,"One-Arm_Kettlebell_Clean/0.jpg, One-Arm_Kettlebell_Clean/1.jpg"
One-Arm_Kettlebell_Clean_and_Jerk,"One-Arm_Kettlebell_Clean_and_Jerk/0.jpg, One-Arm_Kettlebell_Clean_and_Jerk/1.jpg"
One-Arm_Kettlebell_Floor_Press,"One-Arm_Kettlebell_Floor_Press/0.jpg, One-Arm_Kettlebell_Floor_Press/1.jpg"
One-Arm_Kettlebell_Jerk,"One-Arm_Kettlebell_Jerk/0.jpg, One-Arm_Kettlebell_Jerk/1.jpg"
One-Arm_Kettlebell_Military_Press_To_The_Side,"One-Arm_Kettlebell_Military_Press_To_The_Side/0.jpg, One-Arm_Kettlebell_Military_Press_To_The_Side/1.jpg"
One-Arm_Kettlebell_Para_Press,"One-Arm_Kettlebell_Para_Press/0.jpg, One-Arm_Kettlebell_Para_Press/1.jpg"
One-Arm_Kettlebell_Push_Press,"One-Arm_Kettlebell_Push_Press/0.jpg, One-Arm_Kettlebell_Push_Press/1.jpg"
One-Arm_Kettlebell_Row,"One-Arm_Kettlebell_Row/0.jpg, One-Arm_Kettlebell_Row/1.jpg"
One-Arm_Kettlebell_Snatch,"One-Arm_Kettlebell_Snatch/0.jpg, One-Arm_Kettlebell_Snatch/1.jpg"
One-Arm_Kettlebell_Split_Jerk,"One-Arm_Kettlebell_Split_Jerk/0.jpg, One-Arm_Kettlebell_Split_Jerk/1.jpg"
One-Arm_Kettlebell_Split_Snatch,"One-Arm_Kettlebell_Split_Snatch/0.jpg, One-Arm_Kettlebell_Split_Snatch/1.jpg"
One-Arm_Kettlebell_Swings,"One-Arm_Kettlebell_Swings/0.jpg, One-Arm_Kettlebell_Swings/1.jpg"
One-Arm_Long_Bar_Row,"One-Arm_Long_Bar_Row/0.jpg, One-Arm_Long_Bar_Row/1.jpg"
One-Arm_Medicine_Ball_Slam,"One-Arm_Medicine_Ball_Slam/0.jpg, One-Arm_Medicine_Ball_Slam/1.jpg"
One-Arm_Open_Palm_Kettlebell_Clean,"One-Arm_Open_Palm_Kettlebell_Clean/0.jpg, One-Arm_Open_Palm_Kettlebell_Clean/1.jpg"
One-Arm_Overhead_Kettlebell_Squats,"One-Arm_Overhead_Kettlebell_Squats/0.jpg, One-Arm_Overhead_Kettlebell_Squats/1.jpg"
One-Arm_Side_Deadlift,"One-Arm_Side_Deadlift/0.jpg, One-Arm_Side_Deadlift/1.jpg"
One-Arm_Side_Laterals,"One-Arm_Side_Laterals/0.jpg, One-Arm_Side_Laterals/1.jpg"
One-Legged_Cable_Kickback,"One-Legged_Cable_Kickback/0.jpg, One-Legged_Cable_Kickback/1.jpg"
One_Arm_Against_Wall,"One_Arm_Against_Wall/0.jpg, One_Arm_Against_Wall/1.jpg"
One_Arm_Chin-Up,"One_Arm_Chin-Up/0.jpg, One_Arm_Chin-Up/1.jpg"
One_Arm_Dumbbell_Bench_Press,"One_Arm_Dumbbell_Bench_Press/0.jpg, One_Arm_Dumbbell_Bench_Press/1.jpg"
One_Arm_Dumbbell_Preacher_Curl,"One_Arm_Dumbbell_Preacher_Curl/0.jpg, One_Arm_Dumbbell_Preacher_Curl/1.jpg"
One_Arm_Floor_Press,"One_Arm_Floor_Press/0.jpg, One_Arm_Floor_Press/1.jpg"
One_Arm_Lat_Pulldown,"One_Arm_Lat_Pulldown/0.jpg, One_Arm_Lat_Pulldown/1.jpg"
One_Arm_Pronated_Dumbbell_Triceps_Extension,"One_Arm_Pronated_Dumbbell_Triceps_Extension/0.jpg, One_Arm_Pronated_Dumbbell_Triceps_Extension/1.jpg"
One_Arm_Supinated_Dumbbell_Triceps_Extension,"One_Arm_Supinated_Dumbbell_Triceps_Extension/0.jpg, One_Arm_Supinated_Dumbbell_Triceps_Extension/1.jpg"
One_Half_Locust,"One_Half_Locust/0.jpg, One_Half_Locust/1.jpg"
One_Handed_Hang,"One_Handed_Hang/0.jpg, One_Handed_Hang/1.jpg"
One_Knee_To_Chest,"One_Knee_To_Chest/0.jpg, One_Knee_To_Chest/1.jpg"
One_Leg_Barbell_Squat,"One_Leg_Barbell_Squat/0.jpg, One_Leg_Barbell_Squat/1.jpg"
On_Your_Side_Quad_Stretch,"On_Your_Side_Quad_Stretch/0.jpg, On_Your_Side_Quad_Stretch/1.jpg"
Open_Palm_Kettlebell_Clean,"Open_Palm_Kettlebell_Clean/0.jpg, Open_Palm_Kettlebell_Clean/1.jpg"
Otis-Up,"Otis-Up/0.jpg, Otis-Up/1.jpg"
Overhead_Cable_Curl,"Overhead_Cable_Curl/0.jpg, Overhead_Cable_Curl/1.jpg"
Overhead_Lat,"Overhead_Lat/0.jpg, Overhead_Lat/1.jpg"
Overhead_Slam,"Overhead_Slam/0.jpg, Overhead_Slam/1.jpg"
Overhead_Squat,"Overhead_Squat/0.jpg, Overhead_Squat/1.jpg"
Overhead_Stretch,"Overhead_Stretch/0.jpg, Overhead_Stretch/1.jpg"
Overhead_Triceps,"Overhead_Triceps/0.jpg, Overhead_Triceps/1.jpg"
Pallof_Press,"Pallof_Press/0.jpg, Pallof_Press/1.jpg"
Pallof_Press_With_Rotation,"Pallof_Press_With_Rotation/0.jpg, Pallof_Press_With_Rotation/1.jpg"
Palms-Down_Dumbbell_Wrist_Curl_Over_A_Bench,"Palms-Down_Dumbbell_Wrist_Curl_Over_A_Bench/0.jpg, Palms-Down_Dumbbell_Wrist_Curl_Over_A_Bench/1.jpg"
Palms-Down_Wrist_Curl_Over_A_Bench,"Palms-Down_Wrist_Curl_Over_A_Bench/0.jpg, Palms-Down_Wrist_Curl_Over_A_Bench/1.jpg"
Palms-Up_Barbell_Wrist_Curl_Over_A_Bench,"Palms-Up_Barbell_Wrist_Curl_Over_A_Bench/0.jpg, Palms-Up_Barbell_Wrist_Curl_Over_A_Bench/1.jpg"
Palms-Up_Dumbbell_Wrist_Curl_Over_A_Bench,"Palms-Up_Dumbbell_Wrist_Curl_Over_A_Bench/0.jpg, Palms-Up_Dumbbell_Wrist_Curl_Over_A_Bench/1.jpg"
Parallel_Bar_Dip,"Parallel_Bar_Dip/0.jpg, Parallel_Bar_Dip/1.jpg"
Pelvic_Tilt_Into_Bridge,"Pelvic_Tilt_Into_Bridge/0.jpg, Pelvic_Tilt_Into_Bridge/1.jpg"
Peroneals-SMR,"Peroneals-SMR/0.jpg, Peroneals-SMR/1.jpg"
Peroneals_Stretch,"Peroneals_Stretch/0.jpg, Peroneals_Stretch/1.jpg"
Physioball_Hip_Bridge,"Physioball_Hip_Bridge/0.jpg, Physioball_Hip_Bridge/1.jpg"
Pin_Presses,"Pin_Presses/0.jpg, Pin_Presses/1.jpg"
Piriformis-SMR,"Piriformis-SMR/0.jpg, Piriformis-SMR/1.jpg"
Plank,"Plank/0.jpg, Plank/1.jpg"
Plate_Pinch,"Plate_Pinch/0.jpg, Plate_Pinch/1.jpg"
Plate_Twist,"Plate_Twist/0.jpg, Plate_Twist/1.jpg"
Platform_Hamstring_Slides,"Platform_Hamstring_Slides/0.jpg, Platform_Hamstring_Slides/1.jpg"
Plie_Dumbbell_Squat,"Plie_Dumbbell_Squat/0.jpg, Plie_Dumbbell_Squat/1.jpg"
Plyo_Kettlebell_Pushups,"Plyo_Kettlebell_Pushups/0.jpg, Plyo_Kettlebell_Pushups/1.jpg"
Plyo_Push-up,"Plyo_Push-up/0.jpg, Plyo_Push-up/1.jpg"
Posterior_Tibialis_Stretch,"Posterior_Tibialis_Stretch/0.jpg, Posterior_Tibialis_Stretch/1.jpg"
Power_Clean,"Power_Clean/0.jpg, Power_Clean/1.jpg"
Power_Clean_from_Blocks,"Power_Clean_from_Blocks/0.jpg, Power_Clean_from_Blocks/1.jpg"
Power_Jerk,"Power_Jerk/0.jpg, Power_Jerk/1.jpg"
Power_Partials,"Power_Partials/0.jpg, Power_Partials/1.jpg"
Power_Snatch,"Power_Snatch/0.jpg, Power_Snatch/1.jpg"
Power_Snatch_from_Blocks,"Power_Snatch_from_Blocks/0.jpg, Power_Snatch_from_Blocks/1.jpg"
Power_Stairs,"Power_Stairs/0.jpg, Power_Stairs/1.jpg"
Preacher_Curl,"Preacher_Curl/0.jpg, Preacher_Curl/1.jpg"
Preacher_Hammer_Dumbbell_Curl,"Preacher_Hammer_Dumbbell_Curl/0.jpg, Preacher_Hammer_Dumbbell_Curl/1.jpg"
Press_Sit-Up,"Press_Sit-Up/0.jpg, Press_Sit-Up/1.jpg"
Prone_Manual_Hamstring,"Prone_Manual_Hamstring/0.jpg, Prone_Manual_Hamstring/1.jpg"
Prowler_Sprint,"Prowler_Sprint/0.jpg, Prowler_Sprint/1.jpg"
Pullups,"Pullups/0.jpg, Pullups/1.jpg"
Pull_Through,"Pull_Through/0.jpg, Pull_Through/1.jpg"
Push-Ups_-_Close_Triceps_Position,"Push-Ups_-_Close_Triceps_Position/0.jpg, Push-Ups_-_Close_Triceps_Position/1.jpg"
Push-Ups_With_Feet_Elevated,"Push-Ups_With_Feet_Elevated/0.jpg, Push-Ups_With_Feet_Elevated/1.jpg"
Push-Ups_With_Feet_On_An_Exercise_Ball,"Push-Ups_With_Feet_On_An_Exercise_Ball/0.jpg, Push-Ups_With_Feet_On_An_Exercise_Ball/1.jpg"
Push-Up_Wide,"Push-Up_Wide/0.jpg, Push-Up_Wide/1.jpg"
Pushups,"Pushups/0.jpg, Pushups/1.jpg"
Pushups_Close_and_Wide_Hand_Positions,"Pushups_Close_and_Wide_Hand_Positions/0.jpg, Pushups_Close_and_Wide_Hand_Positions/1.jpg"
Push_Press,"Push_Press/0.jpg, Push_Press/1.jpg"
Push_Press_-_Behind_the_Neck,"Push_Press_-_Behind_the_Neck/0.jpg, Push_Press_-_Behind_the_Neck/1.jpg"
Push_Up_to_Side_Plank,"Push_Up_to_Side_Plank/0.jpg, Push_Up_to_Side_Plank/1.jpg"
Pyramid,"Pyramid/0.jpg, Pyramid/1.jpg"
Quadriceps-SMR,"Quadriceps-SMR/0.jpg, Quadriceps-SMR/1.jpg"
Quad_Stretch,"Quad_Stretch/0.jpg, Quad_Stretch/1.jpg"
Quick_Leap,"Quick_Leap/0.jpg, Quick_Leap/1.jpg"
Rack_Delivery,"Rack_Delivery/0.jpg, Rack_Delivery/1.jpg"
Rack_Pulls,"Rack_Pulls/0.jpg, Rack_Pulls/1.jpg"
Rack_Pull_with_Bands,"Rack_Pull_with_Bands/0.jpg, Rack_Pull_with_Bands/1.jpg"
Rear_Leg_Raises,"Rear_Leg_Raises/0.jpg, Rear_Leg_Raises/1.jpg"
Recumbent_Bike,"Recumbent_Bike/0.jpg, Recumbent_Bike/1.jpg"
Return_Push_from_Stance,"Return_Push_from_Stance/0.jpg, Return_Push_from_Stance/1.jpg"
Reverse_Band_Bench_Press,"Reverse_Band_Bench_Press/0.jpg, Reverse_Band_Bench_Press/1.jpg"
Reverse_Band_Box_Squat,"Reverse_Band_Box_Squat/0.jpg, Reverse_Band_Box_Squat/1.jpg"
Reverse_Band_Deadlift,"Reverse_Band_Deadlift/0.jpg, Reverse_Band_Deadlift/1.jpg"
Reverse_Band_Power_Squat,"Reverse_Band_Power_Squat/0.jpg, Reverse_Band_Power_Squat/1.jpg"
Reverse_Band_Sumo_Deadlift,"Reverse_Band_Sumo_Deadlift/0.jpg, Reverse_Band_Sumo_Deadlift/1.jpg"
Reverse_Barbell_Curl,"Reverse_Barbell_Curl/0.jpg, Reverse_Barbell_Curl/1.jpg"
Reverse_Barbell_Preacher_Curls,"Reverse_Barbell_Preacher_Curls/0.jpg, Reverse_Barbell_Preacher_Curls/1.jpg"
Reverse_Cable_Curl,"Reverse_Cable_Curl/0.jpg, Reverse_Cable_Curl/1.jpg"
Reverse_Crunch,"Reverse_Crunch/0.jpg, Reverse_Crunch/1.jpg"
Reverse_Flyes,"Reverse_Flyes/0.jpg, Reverse_Flyes/1.jpg"
Reverse_Flyes_With_External_Rotation,"Reverse_Flyes_With_External_Rotation/0.jpg, Reverse_Flyes_With_External_Rotation/1.jpg"
Reverse_Grip_Bent-Over_Rows,"Reverse_Grip_Bent-Over_Rows/0.jpg, Reverse_Grip_Bent-Over_Rows/1.jpg"
Reverse_Grip_Triceps_Pushdown,"Reverse_Grip_Triceps_Pushdown/0.jpg, Reverse_Grip_Triceps_Pushdown/1.jpg"
Reverse_Hyperextension,"Reverse_Hyperextension/0.jpg, Reverse_Hyperextension/1.jpg"
Reverse_Machine_Flyes,"Reverse_Machine_Flyes/0.jpg, Reverse_Machine_Flyes/1.jpg"
Reverse_Plate_Curls,"Reverse_Plate_Curls/0.jpg, Reverse_Plate_Curls/1.jpg"
Reverse_Triceps_Bench_Press,"Reverse_Triceps_Bench_Press/0.jpg, Reverse_Triceps_Bench_Press/1.jpg"
Rhomboids-SMR,"Rhomboids-SMR/0.jpg, Rhomboids-SMR/1.jpg"
Rickshaw_Carry,"Rickshaw_Carry/0.jpg, Rickshaw_Carry/1.jpg"
Rickshaw_Deadlift,"Rickshaw_Deadlift/0.jpg, Rickshaw_Deadlift/1.jpg"
Ring_Dips,"Ring_Dips/0.jpg, Ring_Dips/1.jpg"
Rocket_Jump,"Rocket_Jump/0.jpg, Rocket_Jump/1.jpg"
Rocking_Standing_Calf_Raise,"Rocking_Standing_Calf_Raise/0.jpg, Rocking_Standing_Calf_Raise/1.jpg"
Rocky_Pull-Ups_Pulldowns,"Rocky_Pull-Ups_Pulldowns/0.jpg, Rocky_Pull-Ups_Pulldowns/1.jpg"
Romanian_Deadlift,"Romanian_Deadlift/0.jpg, Romanian_Deadlift/1.jpg"
Romanian_Deadlift_from_Deficit,"Romanian_Deadlift_from_Deficit/0.jpg, Romanian_Deadlift_from_Deficit/1.jpg"
Rope_Climb,"Rope_Climb/0.jpg, Rope_Climb/1.jpg"
Rope_Crunch,"Rope_Crunch/0.jpg, Rope_Crunch/1.jpg"
Rope_Jumping,"Rope_Jumping/0.jpg, Rope_Jumping/1.jpg"
Rope_Straight-Arm_Pulldown,"Rope_Straight-Arm_Pulldown/0.jpg, Rope_Straight-Arm_Pulldown/1.jpg"
Round_The_World_Shoulder_Stretch,"Round_The_World_Shoulder_Stretch/0.jpg, Round_The_World_Shoulder_Stretch/1.jpg"
Rowing_Stationary,"Rowing_Stationary/0.jpg, Rowing_Stationary/1.jpg"
Runners_Stretch,"Runners_Stretch/0.jpg, Runners_Stretch/1.jpg"
Running_Treadmill,"Running_Treadmill/0.jpg, Running_Treadmill/1.jpg"
Russian_Twist,"Russian_Twist/0.jpg, Russian_Twist/1.jpg"
Sandbag_Load,"Sandbag_Load/0.jpg, Sandbag_Load/1.jpg"
Scapular_Pull-Up,"Scapular_Pull-Up/0.jpg, Scapular_Pull-Up/1.jpg"
Scissors_Jump,"Scissors_Jump/0.jpg, Scissors_Jump/1.jpg"
Scissor_Kick,"Scissor_Kick/0.jpg, Scissor_Kick/1.jpg"
Seated_Band_Hamstring_Curl,"Seated_Band_Hamstring_Curl/0.jpg, Seated_Band_Hamstring_Curl/1.jpg"
Seated_Barbell_Military_Press,"Seated_Barbell_Military_Press/0.jpg, Seated_Barbell_Military_Press/1.jpg"
Seated_Barbell_Twist,"Seated_Barbell_Twist/0.jpg, Seated_Barbell_Twist/1.jpg"
Seated_Bent-Over_One-Arm_Dumbbell_Triceps_Extension,"Seated_Bent-Over_One-Arm_Dumbbell_Triceps_Extension/0.jpg, Seated_Bent-Over_One-Arm_Dumbbell_Triceps_Extension/1.jpg"
Seated_Bent-Over_Rear_Delt_Raise,"Seated_Bent-Over_Rear_Delt_Raise/0.jpg, Seated_Bent-Over_Rear_Delt_Raise/1.jpg"
Seated_Bent-Over_Two-Arm_Dumbbell_Triceps_Extension,"Seated_Bent-Over_Two-Arm_Dumbbell_Triceps_Extension/0.jpg, Seated_Bent-Over_Two-Arm_Dumbbell_Triceps_Extension/1.jpg"
Seated_Biceps,"Seated_Biceps/0.jpg, Seated_Biceps/1.jpg"
Seated_Cable_Rows,"Seated_Cable_Rows/0.jpg, Seated_Cable_Rows/1.jpg"
Seated_Cable_Shoulder_Press,"Seated_Cable_Shoulder_Press/0.jpg, Seated_Cable_Shoulder_Press/1.jpg"
Seated_Calf_Raise,"Seated_Calf_Raise/0.jpg, Seated_Calf_Raise/1.jpg"
Seated_Calf_Stretch,"Seated_Calf_Stretch/0.jpg, Seated_Calf_Stretch/1.jpg"
Seated_Close-Grip_Concentration_Barbell_Curl,"Seated_Close-Grip_Concentration_Barbell_Curl/0.jpg, Seated_Close-Grip_Concentration_Barbell_Curl/1.jpg"
Seated_Dumbbell_Curl,"Seated_Dumbbell_Curl/0.jpg, Seated_Dumbbell_Curl/1.jpg"
Seated_Dumbbell_Inner_Biceps_Curl,"Seated_Dumbbell_Inner_Biceps_Curl/0.jpg, Seated_Dumbbell_Inner_Biceps_Curl/1.jpg"
Seated_Dumbbell_Palms-Down_Wrist_Curl,"Seated_Dumbbell_Palms-Down_Wrist_Curl/0.jpg, Seated_Dumbbell_Palms-Down_Wrist_Curl/1.jpg"
Seated_Dumbbell_Palms-Up_Wrist_Curl,"Seated_Dumbbell_Palms-Up_Wrist_Curl/0.jpg, Seated_Dumbbell_Palms-Up_Wrist_Curl/1.jpg"
Seated_Dumbbell_Press,"Seated_Dumbbell_Press/0.jpg, Seated_Dumbbell_Press/1.jpg"
Seated_Flat_Bench_Leg_Pull-In,"Seated_Flat_Bench_Leg_Pull-In/0.jpg, Seated_Flat_Bench_Leg_Pull-In/1.jpg"
Seated_Floor_Hamstring_Stretch,"Seated_Floor_Hamstring_Stretch/0.jpg, Seated_Floor_Hamstring_Stretch/1.jpg"
Seated_Front_Deltoid,"Seated_Front_Deltoid/0.jpg, Seated_Front_Deltoid/1.jpg"
Seated_Glute,"Seated_Glute/0.jpg, Seated_Glute/1.jpg"
Seated_Good_Mornings,"Seated_Good_Mornings/0.jpg, Seated_Good_Mornings/1.jpg"
Seated_Hamstring,"Seated_Hamstring/0.jpg, Seated_Hamstring/1.jpg"
Seated_Hamstring_and_Calf_Stretch,"Seated_Hamstring_and_Calf_Stretch/0.jpg, Seated_Hamstring_and_Calf_Stretch/1.jpg"
Seated_Head_Harness_Neck_Resistance,"Seated_Head_Harness_Neck_Resistance/0.jpg, Seated_Head_Harness_Neck_Resistance/1.jpg"
Seated_Leg_Curl,"Seated_Leg_Curl/0.jpg, Seated_Leg_Curl/1.jpg"
Seated_Leg_Tucks,"Seated_Leg_Tucks/0.jpg, Seated_Leg_Tucks/1.jpg"
Seated_One-arm_Cable_Pulley_Rows,"Seated_One-arm_Cable_Pulley_Rows/0.jpg, Seated_One-arm_Cable_Pulley_Rows/1.jpg"
Seated_One-Arm_Dumbbell_Palms-Down_Wrist_Curl,"Seated_One-Arm_Dumbbell_Palms-Down_Wrist_Curl/0.jpg, Seated_One-Arm_Dumbbell_Palms-Down_Wrist_Curl/1.jpg"
Seated_One-Arm_Dumbbell_Palms-Up_Wrist_Curl,"Seated_One-Arm_Dumbbell_Palms-Up_Wrist_Curl/0.jpg, Seated_One-Arm_Dumbbell_Palms-Up_Wrist_Curl/1.jpg"
Seated_Overhead_Stretch,"Seated_Overhead_Stretch/0.jpg, Seated_Overhead_Stretch/1.jpg"
Seated_Palm-Up_Barbell_Wrist_Curl,"Seated_Palm-Up_Barbell_Wrist_Curl/0.jpg, Seated_Palm-Up_Barbell_Wrist_Curl/1.jpg"
Seated_Palms-Down_Barbell_Wrist_Curl,"Seated_Palms-Down_Barbell_Wrist_Curl/0.jpg, Seated_Palms-Down_Barbell_Wrist_Curl/1.jpg"
Seated_Side_Lateral_Raise,"Seated_Side_Lateral_Raise/0.jpg, Seated_Side_Lateral_Raise/1.jpg"
Seated_Triceps_Press,"Seated_Triceps_Press/0.jpg, Seated_Triceps_Press/1.jpg"
Seated_Two-Arm_Palms-Up_Low-Pulley_Wrist_Curl,"Seated_Two-Arm_Palms-Up_Low-Pulley_Wrist_Curl/0.jpg, Seated_Two-Arm_Palms-Up_Low-Pulley_Wrist_Curl/1.jpg"
See-Saw_Press_Alternating_Side_Press,"See-Saw_Press_Alternating_Side_Press/0.jpg, See-Saw_Press_Alternating_Side_Press/1.jpg"
Shotgun_Row,"Shotgun_Row/0.jpg, Shotgun_Row/1.jpg"
Shoulder_Circles,"Shoulder_Circles/0.jpg, Shoulder_Circles/1.jpg"
Shoulder_Press_-_With_Bands,"Shoulder_Press_-_With_Bands/0.jpg, Shoulder_Press_-_With_Bands/1.jpg"
Shoulder_Raise,"Shoulder_Raise/0.jpg, Shoulder_Raise/1.jpg"
Shoulder_Stretch,"Shoulder_Stretch/0.jpg, Shoulder_Stretch/1.jpg"
Side-Lying_Floor_Stretch,"Side-Lying_Floor_Stretch/0.jpg, Side-Lying_Floor_Stretch/1.jpg"
Side_Bridge,"Side_Bridge/0.jpg, Side_Bridge/1.jpg"
Side_Hop-Sprint,"Side_Hop-Sprint/0.jpg, Side_Hop-Sprint/1.jpg"
Side_Jackknife,"Side_Jackknife/0.jpg, Side_Jackknife/1.jpg"
Side_Laterals_to_Front_Raise,"Side_Laterals_to_Front_Raise/0.jpg, Side_Laterals_to_Front_Raise/1.jpg"
Side_Lateral_Raise,"Side_Lateral_Raise/0.jpg, Side_Lateral_Raise/1.jpg"
Side_Leg_Raises,"Side_Leg_Raises/0.jpg, Side_Leg_Raises/1.jpg"
Side_Lying_Groin_Stretch,"Side_Lying_Groin_Stretch/0.jpg, Side_Lying_Groin_Stretch/1.jpg"
Side_Neck_Stretch,"Side_Neck_Stretch/0.jpg, Side_Neck_Stretch/1.jpg"
Side_Standing_Long_Jump,"Side_Standing_Long_Jump/0.jpg, Side_Standing_Long_Jump/1.jpg"
Side_to_Side_Box_Shuffle,"Side_to_Side_Box_Shuffle/0.jpg, Side_to_Side_Box_Shuffle/1.jpg"
Side_To_Side_Chins,"Side_To_Side_Chins/0.jpg, Side_To_Side_Chins/1.jpg"
Side_Wrist_Pull,"Side_Wrist_Pull/0.jpg, Side_Wrist_Pull/1.jpg"
Single-Arm_Cable_Crossover,"Single-Arm_Cable_Crossover/0.jpg, Single-Arm_Cable_Crossover/1.jpg"
Single-Arm_Linear_Jammer,"Single-Arm_Linear_Jammer/0.jpg, Single-Arm_Linear_Jammer/1.jpg"
Single-Arm_Push-Up,"Single-Arm_Push-Up/0.jpg, Single-Arm_Push-Up/1.jpg"
Single-Cone_Sprint_Drill,"Single-Cone_Sprint_Drill/0.jpg, Single-Cone_Sprint_Drill/1.jpg"
Single-Leg_High_Box_Squat,"Single-Leg_High_Box_Squat/0.jpg, Single-Leg_High_Box_Squat/1.jpg"
Single-Leg_Hop_Progression,"Single-Leg_Hop_Progression/0.jpg, Single-Leg_Hop_Progression/1.jpg"
Single-Leg_Lateral_Hop,"Single-Leg_Lateral_Hop/0.jpg, Single-Leg_Lateral_Hop/1.jpg"
Single-Leg_Leg_Extension,"Single-Leg_Leg_Extension/0.jpg, Single-Leg_Leg_Extension/1.jpg"
Single-Leg_Stride_Jump,"Single-Leg_Stride_Jump/0.jpg, Single-Leg_Stride_Jump/1.jpg"
Single_Dumbbell_Raise,"Single_Dumbbell_Raise/0.jpg, Single_Dumbbell_Raise/1.jpg"
Single_Leg_Butt_Kick,"Single_Leg_Butt_Kick/0.jpg, Single_Leg_Butt_Kick/1.jpg"
Single_Leg_Glute_Bridge,"Single_Leg_Glute_Bridge/0.jpg, Single_Leg_Glute_Bridge/1.jpg"
Single_Leg_Push-off,"Single_Leg_Push-off/0.jpg, Single_Leg_Push-off/1.jpg"
Sit-Up,"Sit-Up/0.jpg, Sit-Up/1.jpg"
Sit_Squats,"Sit_Squats/0.jpg, Sit_Squats/1.jpg"
Skating,"Skating/0.jpg, Skating/1.jpg"
Sledgehammer_Swings,"Sledgehammer_Swings/0.jpg, Sledgehammer_Swings/1.jpg"
Sled_Drag_-_Harness,"Sled_Drag_-_Harness/0.jpg, Sled_Drag_-_Harness/1.jpg"
Sled_Overhead_Backward_Walk,"Sled_Overhead_Backward_Walk/0.jpg, Sled_Overhead_Backward_Walk/1.jpg"
Sled_Overhead_Triceps_Extension,"Sled_Overhead_Triceps_Extension/0.jpg, Sled_Overhead_Triceps_Extension/1.jpg"
Sled_Push,"Sled_Push/0.jpg, Sled_Push/1.jpg"
Sled_Reverse_Flye,"Sled_Reverse_Flye/0.jpg, Sled_Reverse_Flye/1.jpg"
Sled_Row,"Sled_Row/0.jpg, Sled_Row/1.jpg"
Smith_Incline_Shoulder_Raise,"Smith_Incline_Shoulder_Raise/0.jpg, Smith_Incline_Shoulder_Raise/1.jpg"
Smith_Machine_Behind_the_Back_Shrug,"Smith_Machine_Behind_the_Back_Shrug/0.jpg, Smith_Machine_Behind_the_Back_Shrug/1.jpg"
Smith_Machine_Bench_Press,"Smith_Machine_Bench_Press/0.jpg, Smith_Machine_Bench_Press/1.jpg"
Smith_Machine_Bent_Over_Row,"Smith_Machine_Bent_Over_Row/0.jpg, Smith_Machine_Bent_Over_Row/1.jpg"
Smith_Machine_Calf_Raise,"Smith_Machine_Calf_Raise/0.jpg, Smith_Machine_Calf_Raise/1.jpg"
Smith_Machine_Close-Grip_Bench_Press,"Smith_Machine_Close-Grip_Bench_Press/0.jpg, Smith_Machine_Close-Grip_Bench_Press/1.jpg"
Smith_Machine_Decline_Press,"Smith_Machine_Decline_Press/0.jpg, Smith_Machine_Decline_Press/1.jpg"
Smith_Machine_Hang_Power_Clean,"Smith_Machine_Hang_Power_Clean/0.jpg, Smith_Machine_Hang_Power_Clean/1.jpg"
Smith_Machine_Hip_Raise,"Smith_Machine_Hip_Raise/0.jpg, Smith_Machine_Hip_Raise/1.jpg"
Smith_Machine_Incline_Bench_Press,"Smith_Machine_Incline_Bench_Press/0.jpg, Smith_Machine_Incline_Bench_Press/1.jpg"
Smith_Machine_Leg_Press,"Smith_Machine_Leg_Press/0.jpg, Smith_Machine_Leg_Press/1.jpg"
Smith_Machine_One-Arm_Upright_Row,"Smith_Machine_One-Arm_Upright_Row/0.jpg, Smith_Machine_One-Arm_Upright_Row/1.jpg"
Smith_Machine_Overhead_Shoulder_Press,"Smith_Machine_Overhead_Shoulder_Press/0.jpg, Smith_Machine_Overhead_Shoulder_Press/1.jpg"
Smith_Machine_Pistol_Squat,"Smith_Machine_Pistol_Squat/0.jpg, Smith_Machine_Pistol_Squat/1.jpg"
Smith_Machine_Reverse_Calf_Raises,"Smith_Machine_Reverse_Calf_Raises/0.jpg, Smith_Machine_Reverse_Calf_Raises/1.jpg"
Smith_Machine_Squat,"Smith_Machine_Squat/0.jpg, Smith_Machine_Squat/1.jpg"
Smith_Machine_Stiff-Legged_Deadlift,"Smith_Machine_Stiff-Legged_Deadlift/0.jpg, Smith_Machine_Stiff-Legged_Deadlift/1.jpg"
Smith_Machine_Upright_Row,"Smith_Machine_Upright_Row/0.jpg, Smith_Machine_Upright_Row/1.jpg"
Smith_Single-Leg_Split_Squat,"Smith_Single-Leg_Split_Squat/0.jpg, Smith_Single-Leg_Split_Squat/1.jpg"
Snatch,"Snatch/0.jpg, Snatch/1.jpg"
Snatch_Balance,"Snatch_Balance/0.jpg, Snatch_Balance/1.jpg"
Snatch_Deadlift,"Snatch_Deadlift/0.jpg, Snatch_Deadlift/1.jpg"
Snatch_from_Blocks,"Snatch_from_Blocks/0.jpg, Snatch_from_Blocks/1.jpg"
Snatch_Pull,"Snatch_Pull/0.jpg, Snatch_Pull/1.jpg"
Snatch_Shrug,"Snatch_Shrug/0.jpg, Snatch_Shrug/1.jpg"
Speed_Band_Overhead_Triceps,"Speed_Band_Overhead_Triceps/0.jpg, Speed_Band_Overhead_Triceps/1.jpg"
Speed_Box_Squat,"Speed_Box_Squat/0.jpg, Speed_Box_Squat/1.jpg"
Speed_Squats,"Speed_Squats/0.jpg, Speed_Squats/1.jpg"
Spell_Caster,"Spell_Caster/0.jpg, Spell_Caster/1.jpg"
Spider_Crawl,"Spider_Crawl/0.jpg, Spider_Crawl/1.jpg"
Spider_Curl,"Spider_Curl/0.jpg, Spider_Curl/1.jpg"
Spinal_Stretch,"Spinal_Stretch/0.jpg, Spinal_Stretch/1.jpg"
Split_Clean,"Split_Clean/0.jpg, Split_Clean/1.jpg"
Split_Jerk,"Split_Jerk/0.jpg, Split_Jerk/1.jpg"
Split_Jump,"Split_Jump/0.jpg, Split_Jump/1.jpg"
Split_Snatch,"Split_Snatch/0.jpg, Split_Snatch/1.jpg"
Split_Squats,"Split_Squats/0.jpg, Split_Squats/1.jpg"
Split_Squat_with_Dumbbells,"Split_Squat_with_Dumbbells/0.jpg, Split_Squat_with_Dumbbells/1.jpg"
Squats_-_With_Bands,"Squats_-_With_Bands/0.jpg, Squats_-_With_Bands/1.jpg"
Squat_Jerk,"Squat_Jerk/0.jpg, Squat_Jerk/1.jpg"
Squat_with_Bands,"Squat_with_Bands/0.jpg, Squat_with_Bands/1.jpg"
Squat_with_Chains,"Squat_with_Chains/0.jpg, Squat_with_Chains/1.jpg"
Squat_with_Plate_Movers,"Squat_with_Plate_Movers/0.jpg, Squat_with_Plate_Movers/1.jpg"
Stairmaster,"Stairmaster/0.jpg, Stairmaster/1.jpg"
Standing_Alternating_Dumbbell_Press,"Standing_Alternating_Dumbbell_Press/0.jpg, Standing_Alternating_Dumbbell_Press/1.jpg"
Standing_Barbell_Calf_Raise,"Standing_Barbell_Calf_Raise/0.jpg, Standing_Barbell_Calf_Raise/1.jpg"
Standing_Barbell_Press_Behind_Neck,"Standing_Barbell_Press_Behind_Neck/0.jpg, Standing_Barbell_Press_Behind_Neck/1.jpg"
Standing_Bent-Over_One-Arm_Dumbbell_Triceps_Extension,"Standing_Bent-Over_One-Arm_Dumbbell_Triceps_Extension/0.jpg, Standing_Bent-Over_One-Arm_Dumbbell_Triceps_Extension/1.jpg"
Standing_Bent-Over_Two-Arm_Dumbbell_Triceps_Extension,"Standing_Bent-Over_Two-Arm_Dumbbell_Triceps_Extension/0.jpg, Standing_Bent-Over_Two-Arm_Dumbbell_Triceps_Extension/1.jpg"
Standing_Biceps_Cable_Curl,"Standing_Biceps_Cable_Curl/0.jpg, Standing_Biceps_Cable_Curl/1.jpg"
Standing_Biceps_Stretch,"Standing_Biceps_Stretch/0.jpg, Standing_Biceps_Stretch/1.jpg"
Standing_Bradford_Press,"Standing_Bradford_Press/0.jpg, Standing_Bradford_Press/1.jpg"
Standing_Cable_Chest_Press,"Standing_Cable_Chest_Press/0.jpg, Standing_Cable_Chest_Press/1.jpg"
Standing_Cable_Lift,"Standing_Cable_Lift/0.jpg, Standing_Cable_Lift/1.jpg"
Standing_Cable_Wood_Chop,"Standing_Cable_Wood_Chop/0.jpg, Standing_Cable_Wood_Chop/1.jpg"
Standing_Calf_Raises,"Standing_Calf_Raises/0.jpg, Standing_Calf_Raises/1.jpg"
Standing_Concentration_Curl,"Standing_Concentration_Curl/0.jpg, Standing_Concentration_Curl/1.jpg"
Standing_Dumbbell_Calf_Raise,"Standing_Dumbbell_Calf_Raise/0.jpg, Standing_Dumbbell_Calf_Raise/1.jpg"
Standing_Dumbbell_Press,"Standing_Dumbbell_Press/0.jpg, Standing_Dumbbell_Press/1.jpg"
Standing_Dumbbell_Reverse_Curl,"Standing_Dumbbell_Reverse_Curl/0.jpg, Standing_Dumbbell_Reverse_Curl/1.jpg"
Standing_Dumbbell_Straight-Arm_Front_Delt_Raise_Above_Head,"Standing_Dumbbell_Straight-Arm_Front_Delt_Raise_Above_Head/0.jpg, Standing_Dumbbell_Straight-Arm_Front_Delt_Raise_Above_Head/1.jpg"
Standing_Dumbbell_Triceps_Extension,"Standing_Dumbbell_Triceps_Extension/0.jpg, Standing_Dumbbell_Triceps_Extension/1.jpg"
Standing_Dumbbell_Upright_Row,"Standing_Dumbbell_Upright_Row/0.jpg, Standing_Dumbbell_Upright_Row/1.jpg"
Standing_Elevated_Quad_Stretch,"Standing_Elevated_Quad_Stretch/0.jpg, Standing_Elevated_Quad_Stretch/1.jpg"
Standing_Front_Barbell_Raise_Over_Head,"Standing_Front_Barbell_Raise_Over_Head/0.jpg, Standing_Front_Barbell_Raise_Over_Head/1.jpg"
Standing_Gastrocnemius_Calf_Stretch,"Standing_Gastrocnemius_Calf_Stretch/0.jpg, Standing_Gastrocnemius_Calf_Stretch/1.jpg"
Standing_Hamstring_and_Calf_Stretch,"Standing_Hamstring_and_Calf_Stretch/0.jpg, Standing_Hamstring_and_Calf_Stretch/1.jpg"
Standing_Hip_Circles,"Standing_Hip_Circles/0.jpg, Standing_Hip_Circles/1.jpg"
Standing_Hip_Flexors,"Standing_Hip_Flexors/0.jpg, Standing_Hip_Flexors/1.jpg"
Standing_Inner-Biceps_Curl,"Standing_Inner-Biceps_Curl/0.jpg, Standing_Inner-Biceps_Curl/1.jpg"
Standing_Lateral_Stretch,"Standing_Lateral_Stretch/0.jpg, Standing_Lateral_Stretch/1.jpg"
Standing_Leg_Curl,"Standing_Leg_Curl/0.jpg, Standing_Leg_Curl/1.jpg"
Standing_Long_Jump,"Standing_Long_Jump/0.jpg, Standing_Long_Jump/1.jpg"
Standing_Low-Pulley_Deltoid_Raise,"Standing_Low-Pulley_Deltoid_Raise/0.jpg, Standing_Low-Pulley_Deltoid_Raise/1.jpg"
Standing_Low-Pulley_One-Arm_Triceps_Extension,"Standing_Low-Pulley_One-Arm_Triceps_Extension/0.jpg, Standing_Low-Pulley_One-Arm_Triceps_Extension/1.jpg"
Standing_Military_Press,"Standing_Military_Press/0.jpg, Standing_Military_Press/1.jpg"
Standing_Olympic_Plate_Hand_Squeeze,"Standing_Olympic_Plate_Hand_Squeeze/0.jpg, Standing_Olympic_Plate_Hand_Squeeze/1.jpg"
Standing_One-Arm_Cable_Curl,"Standing_One-Arm_Cable_Curl/0.jpg, Standing_One-Arm_Cable_Curl/1.jpg"
Standing_One-Arm_Dumbbell_Curl_Over_Incline_Bench,"Standing_One-Arm_Dumbbell_Curl_Over_Incline_Bench/0.jpg, Standing_One-Arm_Dumbbell_Curl_Over_Incline_Bench/1.jpg"
Standing_One-Arm_Dumbbell_Triceps_Extension,"Standing_One-Arm_Dumbbell_Triceps_Extension/0.jpg, Standing_One-Arm_Dumbbell_Triceps_Extension/1.jpg"
Standing_Overhead_Barbell_Triceps_Extension,"Standing_Overhead_Barbell_Triceps_Extension/0.jpg, Standing_Overhead_Barbell_Triceps_Extension/1.jpg"
Standing_Palm-In_One-Arm_Dumbbell_Press,"Standing_Palm-In_One-Arm_Dumbbell_Press/0.jpg, Standing_Palm-In_One-Arm_Dumbbell_Press/1.jpg"
Standing_Palms-In_Dumbbell_Press,"Standing_Palms-In_Dumbbell_Press/0.jpg, Standing_Palms-In_Dumbbell_Press/1.jpg"
Standing_Palms-Up_Barbell_Behind_The_Back_Wrist_Curl,"Standing_Palms-Up_Barbell_Behind_The_Back_Wrist_Curl/0.jpg, Standing_Palms-Up_Barbell_Behind_The_Back_Wrist_Curl/1.jpg"
Standing_Pelvic_Tilt,"Standing_Pelvic_Tilt/0.jpg, Standing_Pelvic_Tilt/1.jpg"
Standing_Rope_Crunch,"Standing_Rope_Crunch/0.jpg, Standing_Rope_Crunch/1.jpg"
Standing_Soleus_And_Achilles_Stretch,"Standing_Soleus_And_Achilles_Stretch/0.jpg, Standing_Soleus_And_Achilles_Stretch/1.jpg"
Standing_Toe_Touches,"Standing_Toe_Touches/0.jpg, Standing_Toe_Touches/1.jpg"
Standing_Towel_Triceps_Extension,"Standing_Towel_Triceps_Extension/0.jpg, Standing_Towel_Triceps_Extension/1.jpg"
Standing_Two-Arm_Overhead_Throw,"Standing_Two-Arm_Overhead_Throw/0.jpg, Standing_Two-Arm_Overhead_Throw/1.jpg"
Star_Jump,"Star_Jump/0.jpg, Star_Jump/1.jpg"
Step-up_with_Knee_Raise,"Step-up_with_Knee_Raise/0.jpg, Step-up_with_Knee_Raise/1.jpg"
Step_Mill,"Step_Mill/0.jpg, Step_Mill/1.jpg"
Stiff-Legged_Barbell_Deadlift,"Stiff-Legged_Barbell_Deadlift/0.jpg, Stiff-Legged_Barbell_Deadlift/1.jpg"
Stiff-Legged_Dumbbell_Deadlift,"Stiff-Legged_Dumbbell_Deadlift/0.jpg, Stiff-Legged_Dumbbell_Deadlift/1.jpg"
Stiff_Leg_Barbell_Good_Morning,"Stiff_Leg_Barbell_Good_Morning/0.jpg, Stiff_Leg_Barbell_Good_Morning/1.jpg"
Stomach_Vacuum,"Stomach_Vacuum/0.jpg, Stomach_Vacuum/1.jpg"
Straight-Arm_Dumbbell_Pullover,"Straight-Arm_Dumbbell_Pullover/0.jpg, Straight-Arm_Dumbbell_Pullover/1.jpg"
Straight-Arm_Pulldown,"Straight-Arm_Pulldown/0.jpg, Straight-Arm_Pulldown/1.jpg"
Straight_Bar_Bench_Mid_Rows,"Straight_Bar_Bench_Mid_Rows/0.jpg, Straight_Bar_Bench_Mid_Rows/1.jpg"
Straight_Raises_on_Incline_Bench,"Straight_Raises_on_Incline_Bench/0.jpg, Straight_Raises_on_Incline_Bench/1.jpg"
Stride_Jump_Crossover,"Stride_Jump_Crossover/0.jpg, Stride_Jump_Crossover/1.jpg"
Sumo_Deadlift,"Sumo_Deadlift/0.jpg, Sumo_Deadlift/1.jpg"
Sumo_Deadlift_with_Bands,"Sumo_Deadlift_with_Bands/0.jpg, Sumo_Deadlift_with_Bands/1.jpg"
Sumo_Deadlift_with_Chains,"Sumo_Deadlift_with_Chains/0.jpg, Sumo_Deadlift_with_Chains/1.jpg"
Superman,"Superman/0.jpg, Superman/1.jpg"
Supine_Chest_Throw,"Supine_Chest_Throw/0.jpg, Supine_Chest_Throw/1.jpg"
Supine_One-Arm_Overhead_Throw,"Supine_One-Arm_Overhead_Throw/0.jpg, Supine_One-Arm_Overhead_Throw/1.jpg"
Supine_Two-Arm_Overhead_Throw,"Supine_Two-Arm_Overhead_Throw/0.jpg, Supine_Two-Arm_Overhead_Throw/1.jpg"
Suspended_Fallout,"Suspended_Fallout/0.jpg, Suspended_Fallout/1.jpg"
Suspended_Push-Up,"Suspended_Push-Up/0.jpg, Suspended_Push-Up/1.jpg"
Suspended_Reverse_Crunch,"Suspended_Reverse_Crunch/0.jpg, Suspended_Reverse_Crunch/1.jpg"
Suspended_Row,"Suspended_Row/0.jpg, Suspended_Row/1.jpg"
Suspended_Split_Squat,"Suspended_Split_Squat/0.jpg, Suspended_Split_Squat/1.jpg"
Svend_Press,"Svend_Press/0.jpg, Svend_Press/1.jpg"
T-Bar_Row_with_Handle,"T-Bar_Row_with_Handle/0.jpg, T-Bar_Row_with_Handle/1.jpg"
Tate_Press,"Tate_Press/0.jpg, Tate_Press/1.jpg"
The_Straddle,"The_Straddle/0.jpg, The_Straddle/1.jpg"
Thigh_Abductor,"Thigh_Abductor/0.jpg, Thigh_Abductor/1.jpg"
Thigh_Adductor,"Thigh_Adductor/0.jpg, Thigh_Adductor/1.jpg"
Tire_Flip,"Tire_Flip/0.jpg, Tire_Flip/1.jpg"
Toe_Touchers,"Toe_Touchers/0.jpg, Toe_Touchers/1.jpg"
Torso_Rotation,"Torso_Rotation/0.jpg, Torso_Rotation/1.jpg"
Trail_Running_Walking,"Trail_Running_Walking/0.jpg, Trail_Running_Walking/1.jpg"
Trap_Bar_Deadlift,"Trap_Bar_Deadlift/0.jpg, Trap_Bar_Deadlift/1.jpg"
Triceps_Overhead_Extension_with_Rope,"Triceps_Overhead_Extension_with_Rope/0.jpg, Triceps_Overhead_Extension_with_Rope/1.jpg"
Triceps_Pushdown,"Triceps_Pushdown/0.jpg, Triceps_Pushdown/1.jpg"
Triceps_Pushdown_-_Rope_Attachment,"Triceps_Pushdown_-_Rope_Attachment/0.jpg, Triceps_Pushdown_-_Rope_Attachment/1.jpg"
Triceps_Pushdown_-_V-Bar_Attachment,"Triceps_Pushdown_-_V-Bar_Attachment/0.jpg, Triceps_Pushdown_-_V-Bar_Attachment/1.jpg"
Triceps_Stretch,"Triceps_Stretch/0.jpg, Triceps_Stretch/1.jpg"
Tricep_Dumbbell_Kickback,"Tricep_Dumbbell_Kickback/0.jpg, Tricep_Dumbbell_Kickback/1.jpg"
Tricep_Side_Stretch,"Tricep_Side_Stretch/0.jpg, Tricep_Side_Stretch/1.jpg"
Tuck_Crunch,"Tuck_Crunch/0.jpg, Tuck_Crunch/1.jpg"
Two-Arm_Dumbbell_Preacher_Curl,"Two-Arm_Dumbbell_Preacher_Curl/0.jpg, Two-Arm_Dumbbell_Preacher_Curl/1.jpg"
Two-Arm_Kettlebell_Clean,"Two-Arm_Kettlebell_Clean/0.jpg, Two-Arm_Kettlebell_Clean/1.jpg"
Two-Arm_Kettlebell_Jerk,"Two-Arm_Kettlebell_Jerk/0.jpg, Two-Arm_Kettlebell_Jerk/1.jpg"
Two-Arm_Kettlebell_Military_Press,"Two-Arm_Kettlebell_Military_Press/0.jpg, Two-Arm_Kettlebell_Military_Press/1.jpg"
Two-Arm_Kettlebell_Row,"Two-Arm_Kettlebell_Row/0.jpg, Two-Arm_Kettlebell_Row/1.jpg"
Underhand_Cable_Pulldowns,"Underhand_Cable_Pulldowns/0.jpg, Underhand_Cable_Pulldowns/1.jpg"
Upper_Back-Leg_Grab,"Upper_Back-Leg_Grab/0.jpg, Upper_Back-Leg_Grab/1.jpg"
Upper_Back_Stretch,"Upper_Back_Stretch/0.jpg, Upper_Back_Stretch/1.jpg"
Upright_Barbell_Row,"Upright_Barbell_Row/0.jpg, Upright_Barbell_Row/1.jpg"
Upright_Cable_Row,"Upright_Cable_Row/0.jpg, Upright_Cable_Row/1.jpg"
Upright_Row_-_With_Bands,"Upright_Row_-_With_Bands/0.jpg, Upright_Row_-_With_Bands/1.jpg"
Upward_Stretch,"Upward_Stretch/0.jpg, Upward_Stretch/1.jpg"
V-Bar_Pulldown,"V-Bar_Pulldown/0.jpg, V-Bar_Pulldown/1.jpg"
V-Bar_Pullup,"V-Bar_Pullup/0.jpg, V-Bar_Pullup/1.jpg"
Vertical_Swing,"Vertical_Swing/0.jpg, Vertical_Swing/1.jpg"
Walking_Treadmill,"Walking_Treadmill/0.jpg, Walking_Treadmill/1.jpg"
Weighted_Ball_Hyperextension,"Weighted_Ball_Hyperextension/0.jpg, Weighted_Ball_Hyperextension/1.jpg"
Weighted_Ball_Side_Bend,"Weighted_Ball_Side_Bend/0.jpg, Weighted_Ball_Side_Bend/1.jpg"
Weighted_Bench_Dip,"Weighted_Bench_Dip/0.jpg, Weighted_Bench_Dip/1.jpg"
Weighted_Crunches,"Weighted_Crunches/0.jpg, Weighted_Crunches/1.jpg"
Weighted_Jump_Squat,"Weighted_Jump_Squat/0.jpg, Weighted_Jump_Squat/1.jpg"
Weighted_Pull_Ups,"Weighted_Pull_Ups/0.jpg, Weighted_Pull_Ups/1.jpg"
Weighted_Sissy_Squat,"Weighted_Sissy_Squat/0.jpg, Weighted_Sissy_Squat/1.jpg"
Weighted_Sit-Ups_-_With_Bands,"Weighted_Sit-Ups_-_With_Bands/0.jpg, Weighted_Sit-Ups_-_With_Bands/1.jpg"
Weighted_Squat,"Weighted_Squat/0.jpg, Weighted_Squat/1.jpg"
Wide-Grip_Barbell_Bench_Press,"Wide-Grip_Barbell_Bench_Press/0.jpg, Wide-Grip_Barbell_Bench_Press/1.jpg"
Wide-Grip_Decline_Barbell_Bench_Press,"Wide-Grip_Decline_Barbell_Bench_Press/0.jpg, Wide-Grip_Decline_Barbell_Bench_Press/1.jpg"
Wide-Grip_Decline_Barbell_Pullover,"Wide-Grip_Decline_Barbell_Pullover/0.jpg, Wide-Grip_Decline_Barbell_Pullover/1.jpg"
Wide-Grip_Lat_Pulldown,"Wide-Grip_Lat_Pulldown/0.jpg, Wide-Grip_Lat_Pulldown/1.jpg"
Wide-Grip_Pulldown_Behind_The_Neck,"Wide-Grip_Pulldown_Behind_The_Neck/0.jpg, Wide-Grip_Pulldown_Behind_The_Neck/1.jpg"
Wide-Grip_Rear_Pull-Up,"Wide-Grip_Rear_Pull-Up/0.jpg, Wide-Grip_Rear_Pull-Up/1.jpg"
Wide-Grip_Standing_Barbell_Curl,"Wide-Grip_Standing_Barbell_Curl/0.jpg, Wide-Grip_Standing_Barbell_Curl/1.jpg"
Wide_Stance_Barbell_Squat,"Wide_Stance_Barbell_Squat/0.jpg, Wide_Stance_Barbell_Squat/1.jpg"
Wide_Stance_Stiff_Legs,"Wide_Stance_Stiff_Legs/0.jpg, Wide_Stance_Stiff_Legs/1.jpg"
Windmills,"Windmills/0.jpg, Windmills/1.jpg"
Wind_Sprints,"Wind_Sprints/0.jpg, Wind_Sprints/1.jpg"
Worlds_Greatest_Stretch,"Worlds_Greatest_Stretch/0.jpg, Worlds_Greatest_Stretch/1.jpg"
Wrist_Circles,"Wrist_Circles/0.jpg, Wrist_Circles/1.jpg"
Wrist_Roller,"Wrist_Roller/0.jpg, Wrist_Roller/1.jpg"
Wrist_Rotations_with_Straight_Bar,"Wrist_Rotations_with_Straight_Bar/0.jpg, Wrist_Rotations_with_Straight_Bar/1.jpg"
Yoke_Walk,"Yoke_Walk/0.jpg, Yoke_Walk/1.jpg"
Zercher_Squats,"Zercher_Squats/0.jpg, Zercher_Squats/1.jpg"
Zottman_Curl,"Zottman_Curl/0.jpg, Zottman_Curl/1.jpg"
Zottman_Preacher_Curl,"Zottman_Preacher_Curl/0.jpg, Zottman_Preacher_Curl/1.jpg"
